,state,year,net total,pct_renters,median_age,pct_female,pct_age_20_34,pct_age_65_plus,pct_college_grads,pct_unemployed,pct_nilf,median_income
0,Alabama,2010,0.0019080531926466554,0.283011842,37,0.514474334,0.19626949,0.137869366,0.15211759,0.054837964,0.319747903,16300
1,Alaska,2010,-0.07364536754048473,0.32002353,33,0.478868604,0.224769428,0.075924564,0.18315931,0.049061255,0.216120787,26700
2,Arizona,2010,0.006877129014143665,0.341153059,35,0.502916163,0.203152546,0.138255435,0.174078232,0.055729133,0.300987552,18400
3,Arkansas,2010,0.004965470965673818,0.312557888,37,0.5101143,0.193059228,0.144073499,0.134420247,0.046318018,0.311392433,16500
4,California,2010,-0.0035568045004226636,0.424192295,35,0.502885123,0.216950634,0.114351535,0.202323451,0.063666173,0.279098602,18500
5,Colorado,2010,0.008710686300038357,0.314995372,36,0.498030826,0.213399059,0.109247622,0.252351571,0.053800194,0.240473743,23000
6,Connecticut,2010,-0.00345449870775668,0.274599093,39,0.515751286,0.182013059,0.141953771,0.253084016,0.057550964,0.254660165,25000
7,Delaware,2010,0.0005958546596593756,0.247946973,38,0.515734594,0.194157612,0.143094505,0.19348744,0.047681127,0.287039229,22500
8,District of Columbia ,2010,-0.00841298675960879,0.523122559,33,0.528256126,0.311939886,0.11506271,0.386173946,0.07427211,0.277665923,27000
9,Florida,2010,0.002694813749135362,0.31209087,40,0.511192557,0.186235275,0.173881034,0.186606653,0.064870023,0.321559527,17900
10,Georgia,2010,0.00033657280345810586,0.325374692,35,0.511696523,0.20662497,0.106395958,0.182264725,0.061958158,0.275722833,17500
11,Hawaii,2010,0.002628708004636472,0.372259594,38,0.498674485,0.202749884,0.145465639,0.20505551,0.040679192,0.267287611,24100
12,Idaho,2010,0.0014286232162067022,0.27606669,34,0.498108117,0.203323046,0.125148748,0.160257087,0.046555092,0.27253492,18000
13,Illinois,2010,-0.005785531814109981,0.289853841,36,0.509549592,0.206382912,0.125829721,0.215246147,0.059025166,0.265142333,20400
14,Indiana,2010,-0.0005044811353272782,0.267039471,36,0.507351608,0.198251446,0.129729497,0.156648031,0.054315604,0.278622184,19500
15,Iowa,2010,0.0017421491071537148,0.23715795,38,0.506314832,0.195238637,0.14862898,0.176954985,0.038515904,0.247218008,22100
16,Kansas,2010,0.0013611129877343642,0.278803736,36,0.505686792,0.20117104,0.132813765,0.203540959,0.039407254,0.248742204,21000
17,Kentucky,2010,0.005690206477272763,0.289203192,38,0.507810613,0.197917707,0.1335222,0.14558819,0.053184504,0.314609368,17000
18,Louisiana,2010,0.0020807358534345836,0.304483622,35,0.510096324,0.213939309,0.122867955,0.146693124,0.047780173,0.293398791,17300
19,Maine,2010,-0.00335367275039641,0.237590269,42,0.51214741,0.170309295,0.159184433,0.196149046,0.041409586,0.293926408,20900
20,Maryland,2010,0.0005590514454446582,0.298379601,37,0.515687225,0.200239994,0.12308386,0.253639745,0.048769077,0.243657516,27000
21,Massachusetts,2010,-0.0008041353493043676,0.318436955,39,0.515895068,0.202029539,0.138221426,0.281872869,0.056467387,0.260273279,25000
22,Michigan,2010,-0.006323271464381445,0.245548047,39,0.509240933,0.184835163,0.137916962,0.177370881,0.073553283,0.298334895,18500
23,Minnesota,2010,-0.002881534534290811,0.228166243,37,0.503295683,0.199903815,0.128975457,0.224847399,0.044364047,0.232026082,24500
24,Mississippi,2010,0.0012554596944262461,0.292430799,36,0.514925745,0.199306002,0.12914793,0.132241158,0.055361955,0.321784988,14700
25,Missouri,2010,-0.0005504681698704078,0.279280268,37,0.511021006,0.197720868,0.141162507,0.177570044,0.050524905,0.28103537,19700
26,Montana,2010,-0.0003646418185933517,0.273916185,40,0.495510133,0.187816506,0.150431225,0.209133533,0.037652715,0.28409685,20000
27,Nebraska,2010,0.004101177505591573,0.286666131,36,0.503684109,0.205447466,0.135199453,0.189414066,0.036697408,0.227235255,22000
28,Nevada,2010,-0.002682595304021179,0.421977105,36,0.495093251,0.208503011,0.120959816,0.146449327,0.073293619,0.263852295,20800
29,New Hampshire,2010,0.0006086770443359188,0.243639117,41,0.50764111,0.173766802,0.136450937,0.241542302,0.043773386,0.243954285,25040
30,New Jersey,2010,-0.007621270256535594,0.300380362,39,0.513443996,0.186941637,0.135247313,0.250760655,0.0570422,0.263923112,25000
31,New Mexico,2010,0.010958458056629844,0.298262963,36,0.506716097,0.197011325,0.133585713,0.165228091,0.044629736,0.308884804,16800
32,New York,2010,-0.0049405221527992985,0.414435732,38,0.516086786,0.209591259,0.135305008,0.234784012,0.050210076,0.295165969,20404
33,North Carolina,2010,0.005689356025027872,0.307824101,37,0.513014302,0.199914073,0.129835012,0.182509482,0.062128369,0.283853008,18600
34,North Dakota,2010,0.007969604320718096,0.275365864,36,0.4910074,0.22391879,0.143911259,0.204022541,0.018504105,0.241226451,23000
35,Ohio,2010,-0.0013752448405249407,0.28690142,38,0.511748081,0.188588304,0.140947846,0.172829104,0.058094871,0.283567908,20000
36,Oklahoma,2010,0.0040698508427845816,0.298379563,36,0.506951375,0.205682428,0.135421945,0.152941674,0.039176681,0.288086882,18000
37,Oregon,2010,0.004092251761153409,0.349300344,38,0.504129637,0.203178884,0.139050008,0.203756906,0.064204418,0.291808687,19800
38,Pennsylvania,2010,0.0019481171579024924,0.253795744,40,0.513658698,0.187883676,0.154757062,0.194799377,0.049303953,0.298952763,20400
39,Rhode Island,2010,0.006416255208406205,0.33425651,39,0.516451924,0.197444928,0.143882624,0.217144116,0.056602519,0.290157719,20600
40,South Carolina,2010,0.007328962397002741,0.300570799,37,0.51444769,0.198088912,0.136763013,0.171977641,0.062767562,0.302881256,17300
41,South Dakota,2010,-0.0026496982505404623,0.269380241,37,0.497773935,0.195073139,0.144707109,0.192083413,0.034894417,0.24381754,21600
42,Tennessee,2010,0.002507740448126721,0.300836399,38,0.513575413,0.195958028,0.135508881,0.161028565,0.055111794,0.302289151,17120
43,Texas,2010,0.0028432261270636937,0.330476198,33,0.504133489,0.215119392,0.103733388,0.169459385,0.043408166,0.263018768,18000
44,Utah,2010,0.0006222298061214458,0.271199859,29,0.496995284,0.242990647,0.090238357,0.173173192,0.045354369,0.22571871,18910
45,Vermont,2010,0.006360768120478939,0.229052975,41,0.507562784,0.180810275,0.146403924,0.243954885,0.048142054,0.256038725,23000
46,Virginia,2010,0.0031852034508203578,0.297934967,37,0.50867462,0.205233346,0.12210427,0.240495216,0.040508725,0.265028599,24000
47,Washington,2010,0.0035306931387950637,0.334201251,37,0.501927349,0.207721526,0.123599302,0.217440414,0.054149487,0.276511099,23000
48,West Virginia,2010,-0.005208221261550582,0.226132204,41,0.507728538,0.182802015,0.161475383,0.128287737,0.039160764,0.37125244,16200
49,Wisconsin,2010,-0.003219206448953918,0.269527207,38,0.503696947,0.193472835,0.136871475,0.184213731,0.04743679,0.250380466,22050
50,Wyoming,2010,-0.0004245095118732972,0.293808242,36,0.492066754,0.207036814,0.124081423,0.169168763,0.031770187,0.254521135,24000
51,Alabama,2011,0.0021784933339561822,0.287406772,38,0.517731545,0.197525787,0.140097111,0.155871648,0.052548337,0.326125295,16300
52,Alaska,2011,-0.0674783543189835,0.331837591,34,0.482208828,0.223955955,0.082037531,0.169346827,0.04303615,0.212868643,29000
53,Arizona,2011,0.001442962811188754,0.356415923,36,0.502215733,0.204264401,0.142204287,0.17747414,0.052047935,0.310245191,18000
54,Arkansas,2011,-0.0025560941688092323,0.313614903,37,0.50538074,0.197957508,0.145808054,0.141277388,0.043506778,0.318301118,16600
55,California,2011,-0.002594772401067246,0.432700177,35,0.502460714,0.219413756,0.116677711,0.20548878,0.06152617,0.283038971,18000
56,Colorado,2011,0.007730724886939315,0.330178495,36,0.498113468,0.215985746,0.112659172,0.254172924,0.049625,0.243360103,23800
57,Connecticut,2011,-0.0055847882109316994,0.286151709,40,0.513123239,0.182414432,0.143557882,0.259177722,0.055998128,0.256068281,25200
58,Delaware,2011,0.0077134475579196185,0.266844516,39,0.5155473,0.194842003,0.148094826,0.199896377,0.045335038,0.296157683,23400
59,District of Columbia ,2011,-0.0034886423383416604,0.522784937,33,0.526437064,0.315751235,0.111999107,0.39678574,0.064239898,0.276333504,30000
60,Florida,2011,0.002968144097849852,0.326762601,41,0.510795988,0.189297602,0.176318541,0.18727221,0.060248956,0.327935943,18000
61,Georgia,2011,0.00211106368160522,0.339334767,35,0.510263968,0.206822676,0.109429752,0.185134908,0.057962489,0.282622481,17000
62,Hawaii,2011,-0.003652336109997982,0.384450215,38,0.500195663,0.210743303,0.148520159,0.209115441,0.035164132,0.278479935,24000
63,Idaho,2011,0.0013947291880630902,0.301775727,34,0.497345401,0.202170368,0.127988593,0.166469714,0.046211794,0.273892813,18000
64,Illinois,2011,-0.004183445974752974,0.294621314,36,0.509939306,0.207517232,0.127262494,0.216798729,0.05689605,0.269906138,20030
65,Indiana,2011,-0.0024062715406274436,0.26978457,37,0.508077433,0.198028149,0.131728905,0.156543074,0.048915884,0.281355063,20000
66,Iowa,2011,-0.0014339039471104632,0.23869505,38,0.50587155,0.198572384,0.149545,0.180032453,0.032867029,0.253184444,22800
67,Kansas,2011,-0.003773585777348591,0.281440967,36,0.50367298,0.202414429,0.133008131,0.20529472,0.04016177,0.246174298,21100
68,Kentucky,2011,0.002362019550682024,0.285059629,38,0.508918935,0.197397511,0.135917513,0.144840109,0.047878681,0.322750996,17000
69,Louisiana,2011,0.002655821042152725,0.308327337,35,0.510264193,0.214433916,0.125070276,0.143922973,0.045841206,0.303669902,16500
70,Maine,2011,-2.3032766818937428e-05,0.244544447,43,0.510675447,0.168872931,0.164049818,0.212190594,0.04393881,0.294248254,20000
71,Maryland,2011,-0.00207939932753232,0.297250188,38,0.516509562,0.20160222,0.125356687,0.260471984,0.04913466,0.246548001,27000
72,Massachusetts,2011,-0.0011139827082512661,0.32040083,39,0.516040292,0.202182273,0.139623374,0.282002102,0.051939147,0.262863839,24660
73,Michigan,2011,-0.004840796022841588,0.254242857,39,0.509423222,0.189504006,0.140545334,0.18079923,0.063589622,0.308236468,18200
74,Minnesota,2011,-0.0005049680915497068,0.229557139,37,0.50375267,0.201540695,0.131947304,0.229259657,0.041223149,0.232344489,25000
75,Mississippi,2011,-8.840633340154169e-05,0.293043976,36,0.513483243,0.196821097,0.129519371,0.134925426,0.0511309,0.322780973,15000
76,Missouri,2011,0.0017185861168294292,0.282807226,38,0.510094851,0.199917713,0.142390023,0.18490296,0.047637142,0.285263018,20000
77,Montana,2011,0.002205602659229748,0.285261756,39,0.497207471,0.199589461,0.150431928,0.210303757,0.043372113,0.281707355,20000
78,Nebraska,2011,-0.000500661776474523,0.284529108,36,0.503875687,0.204887984,0.136081309,0.1922572,0.035391593,0.22214528,23000
79,Nevada,2011,-0.00220150170278037,0.432999844,36,0.495838171,0.209526086,0.124716064,0.153467346,0.065204923,0.274128436,20000
80,New Hampshire,2011,-0.004783010489353735,0.239301651,41,0.505622845,0.176021891,0.140161463,0.242056177,0.037392827,0.2559426,25000
81,New Jersey,2011,-0.008691804486320457,0.315508343,39,0.512677081,0.188377032,0.137280209,0.25184117,0.057024732,0.267196869,24400
82,New Mexico,2011,0.00016116292136127836,0.29234895,36,0.5026659,0.202683765,0.136058368,0.171235179,0.05188875,0.303452462,16500
83,New York,2011,-0.005026984508131259,0.4213832,38,0.515703694,0.212209052,0.136782536,0.238992033,0.048908059,0.295816785,20000
84,North Carolina,2011,0.0039997686784578115,0.319761886,37,0.51447501,0.199636904,0.132196975,0.18510706,0.05679062,0.288171028,18500
85,North Dakota,2011,0.00828541040123882,0.270702351,36,0.495571197,0.229334203,0.14544136,0.177981144,0.017299965,0.242275548,24000
86,Ohio,2011,-0.0012858982208334355,0.297356741,39,0.511235518,0.191098342,0.142820009,0.174530581,0.053565494,0.286877701,20000
87,Oklahoma,2011,0.007187859157608108,0.305859832,36,0.504174065,0.205816788,0.136871398,0.161431546,0.036130743,0.296717032,18000
88,Oregon,2011,0.004416331779243322,0.372543008,38,0.505214937,0.205310421,0.142861091,0.206955883,0.060371,0.297285361,19500
89,Pennsylvania,2011,0.0014221131484815422,0.258872519,40,0.512630734,0.18871973,0.155917663,0.196621236,0.046697585,0.301766256,20500
90,Rhode Island,2011,-0.004231021258501791,0.345035014,39,0.516758267,0.201255205,0.145516702,0.224140161,0.052946727,0.272938699,22000
91,South Carolina,2011,0.007508178227514532,0.296339355,38,0.514350224,0.198401019,0.140229482,0.165524242,0.057170304,0.308638173,17100
92,South Dakota,2011,-0.0023809579133975828,0.275450744,37,0.502992421,0.198396519,0.146995081,0.17299128,0.026095704,0.249703306,22700
93,Tennessee,2011,0.0024795259956506242,0.305750284,38,0.512736687,0.198451343,0.137122692,0.166209328,0.051072774,0.306272823,17100
94,Texas,2011,0.004154116077937826,0.338899284,33,0.503878354,0.215969343,0.105218289,0.173113699,0.041535784,0.266620995,18000
95,Utah,2011,0.004079800638854821,0.273919485,29,0.496856123,0.240982429,0.09177942,0.176768107,0.040742973,0.228214532,18200
96,Vermont,2011,0.0034422529861261562,0.236278217,41,0.506264856,0.183108754,0.150816291,0.269153346,0.031357005,0.260788499,24400
97,Virginia,2011,0.0031705783447380474,0.305344562,37,0.508002985,0.208764193,0.125000062,0.248969074,0.038851474,0.267338998,24000
98,Washington,2011,0.002338741644841918,0.346960442,37,0.501445966,0.211319176,0.126151568,0.22192307,0.052546853,0.278835638,22800
99,West Virginia,2011,0.0021117467808654915,0.243500467,41,0.507182418,0.184251177,0.162354665,0.138197141,0.040034193,0.373298717,16300
100,Wisconsin,2011,0.0006553142802337882,0.282088362,38,0.504234154,0.195403279,0.13857323,0.186782479,0.044878581,0.259430926,22000
101,Wyoming,2011,-0.0023810498350205003,0.270826073,36,0.49094618,0.211006445,0.126644349,0.170991168,0.027888369,0.24547045,24000
102,Alabama,2012,-0.0010188528973543234,0.296895515,38,0.516373315,0.197853681,0.144396035,0.162862765,0.046366639,0.327651693,16800
103,Alaska,2012,-0.0632397139666791,0.318544423,34,0.475770696,0.226521603,0.083278533,0.187664485,0.043324962,0.236775223,26680
104,Arizona,2012,0.0036321281444892384,0.368070219,36,0.502520961,0.204572995,0.148555947,0.186901929,0.04606642,0.311146598,19000
105,Arkansas,2012,0.0039489244644689385,0.325351434,37,0.509116075,0.199359065,0.149764117,0.146343109,0.041428136,0.317611527,17400
106,California,2012,-0.002025235131908011,0.442941393,35,0.502887667,0.220300867,0.121110721,0.211184254,0.056237134,0.284010985,18500
107,Colorado,2012,0.008000895369922316,0.338642743,36,0.497861046,0.217595789,0.1175939,0.260385474,0.041422574,0.244126069,24000
108,Connecticut,2012,-0.002015475063700471,0.287321253,40,0.513594368,0.183517916,0.148718773,0.266426059,0.054395021,0.258721232,25700
109,Delaware,2012,0.010187987093047662,0.2837,39,0.513777244,0.194105935,0.154186276,0.211196914,0.042256393,0.287586196,23800
110,District of Columbia ,2012,-0.009566060307618321,0.528826249,33,0.528323341,0.314200179,0.112812597,0.405971315,0.059173872,0.261035895,30000
111,Florida,2012,0.005368033418316098,0.340695009,41,0.5110575,0.191524834,0.18152109,0.194597684,0.056178914,0.32876038,18000
112,Georgia,2012,0.0023698171058828613,0.34466552,35,0.510962309,0.208445611,0.114799124,0.190448133,0.052158455,0.288295248,17800
113,Hawaii,2012,-0.005101443923700273,0.389051169,38,0.493994526,0.217122156,0.151805664,0.213993549,0.036237541,0.27769977,24000
114,Idaho,2012,0.0023606176593402514,0.297262441,35,0.500826582,0.201629601,0.131758671,0.169450558,0.037495739,0.277642556,19000
115,Illinois,2012,-0.005432163974349636,0.301598609,37,0.510011491,0.208252031,0.131709003,0.220766268,0.053877613,0.267510119,21000
116,Indiana,2012,-0.0016691185626085576,0.275606386,37,0.507292116,0.2005732,0.136302046,0.161428497,0.044304758,0.279209537,20000
117,Iowa,2012,0.000696462163467592,0.243629696,38,0.504192655,0.201361921,0.152613407,0.188970999,0.026225479,0.256120482,24000
118,Kansas,2012,-0.001840596235481759,0.298492501,36,0.501778125,0.207083393,0.135795877,0.203294634,0.033278642,0.255476185,22000
119,Kentucky,2012,0.002107152652802473,0.301514811,38,0.508076518,0.200053876,0.140032166,0.151999069,0.04506605,0.317055119,18000
120,Louisiana,2012,-0.0010872538320720916,0.318072802,36,0.511598596,0.214333536,0.130124929,0.153068748,0.042124839,0.301850565,17000
121,Maine,2012,-0.008249946881350782,0.249162649,43,0.509129607,0.171845001,0.169905476,0.206885085,0.042741756,0.299498492,20300
122,Maryland,2012,-0.0006504210899166349,0.304638934,38,0.516138412,0.205992357,0.129529245,0.262399264,0.04506231,0.246133145,28000
123,Massachusetts,2012,-0.002528949297351972,0.323060409,39,0.516453601,0.204553197,0.144239427,0.286062866,0.047931101,0.265629514,25000
124,Michigan,2012,-0.004277199170176521,0.26174297,39,0.509082842,0.190704477,0.14612996,0.184625067,0.057125411,0.310615722,19000
125,Minnesota,2012,-0.00284500079485037,0.244996829,37,0.503169559,0.203728143,0.135188178,0.230962985,0.03572635,0.233627538,26000
126,Mississippi,2012,0.00213363431767212,0.309619066,36,0.51706709,0.200189887,0.13436715,0.136993346,0.05252626,0.320536925,15000
127,Missouri,2012,0.003216902167069661,0.291076468,38,0.509975277,0.201871043,0.147174986,0.182627896,0.042512705,0.289308282,20000
128,Montana,2012,0.003677503270862151,0.297514478,40,0.501135662,0.191963118,0.157893271,0.204122606,0.038836342,0.28860528,20000
129,Nebraska,2012,-0.0030674261012341927,0.293754598,36,0.505301734,0.203911022,0.138359763,0.20361461,0.027995311,0.226970803,24000
130,Nevada,2012,0.00878307158440457,0.45062816,36,0.494538283,0.209925873,0.130625231,0.1564577,0.060452762,0.27227466,21000
131,New Hampshire,2012,0.00859161172305347,0.244535927,42,0.510183855,0.176134497,0.147727221,0.25586007,0.03462662,0.258371583,26000
132,New Jersey,2012,-0.010053286447752503,0.315686907,39,0.513094119,0.189085677,0.140807415,0.259746136,0.053317412,0.270199975,25000
133,New Mexico,2012,-0.0044947359407598066,0.30226637,36,0.50274078,0.201151933,0.140504273,0.176596159,0.047676427,0.310378425,17100
134,New York,2012,-0.00704069984822351,0.422306631,38,0.515145148,0.214366993,0.14063047,0.242591604,0.047625936,0.293083368,21000
135,North Carolina,2012,0.0033572034481944776,0.327177719,37,0.51272268,0.199613662,0.137708772,0.190206021,0.052332053,0.291903168,19000
136,North Dakota,2012,0.01975314279871692,0.282275724,36,0.486524267,0.233406896,0.143304728,0.201281252,0.018692791,0.240615013,25600
137,Ohio,2012,-0.0003064440083059457,0.304477607,39,0.511873686,0.191954072,0.14786744,0.178630527,0.04537784,0.293519747,20000
138,Oklahoma,2012,0.001547871381513407,0.318030209,36,0.504759071,0.206912515,0.139953654,0.163234176,0.030738541,0.298627196,19200
139,Oregon,2012,0.0025639901315491487,0.367631502,38,0.503087051,0.204089242,0.149407607,0.214034739,0.055529212,0.302978468,20000
140,Pennsylvania,2012,-0.0017644805890769596,0.269168278,40,0.511393081,0.193107067,0.160252692,0.205131634,0.045862369,0.301146093,21000
141,Rhode Island,2012,0.0025684767586438804,0.350631063,39,0.517670324,0.204754487,0.151493109,0.226034284,0.05258252,0.27661736,22000
142,South Carolina,2012,0.005992346392733085,0.307421498,38,0.513881741,0.199839195,0.147320027,0.176559464,0.052654231,0.309089674,18000
143,South Dakota,2012,0.004027170618936295,0.286438896,36,0.499793605,0.205509303,0.143833233,0.180204331,0.025871358,0.240960024,23000
144,Tennessee,2012,0.0019383455988697222,0.30886957,38,0.512818833,0.200048542,0.142639922,0.17370892,0.045811318,0.309748255,18000
145,Texas,2012,0.00392148416806147,0.344692353,33,0.503335616,0.21747058,0.10888422,0.177681221,0.038952151,0.267790884,18900
146,Utah,2012,0.0017672781434176742,0.275079178,29,0.495801998,0.239816873,0.094884332,0.18466655,0.034125816,0.224660078,20000
147,Vermont,2012,0.006701355632535953,0.24918412,42,0.50516205,0.189627658,0.160537115,0.254853349,0.035579247,0.2681135,24000
148,Virginia,2012,0.0012249655228272587,0.313244645,37,0.510192628,0.21033728,0.129833773,0.251846139,0.036275327,0.267406617,24000
149,Washington,2012,0.004815806207829738,0.346430309,37,0.501446133,0.211098226,0.131366743,0.224508091,0.04307155,0.28041926,23400
150,West Virginia,2012,-0.00020066540990348533,0.248357643,41,0.507889079,0.186139151,0.167107808,0.134431525,0.035050417,0.371815332,17000
151,Wisconsin,2012,0.00020036040902380106,0.282638231,39,0.503912407,0.195223769,0.143432748,0.193838081,0.039384095,0.261663615,23000
152,Wyoming,2012,-0.001988943446486695,0.296921299,37,0.493416168,0.214808158,0.130665219,0.177140656,0.031496568,0.246710686,23400
153,Alabama,2013,0.0013463881866655723,0.303936387,38,0.51565812,0.199868755,0.149131042,0.165050452,0.044656271,0.332890679,17300
154,Alaska,2013,-0.08013407859358848,0.340050494,33,0.47627909,0.239867126,0.091552265,0.187853338,0.046699096,0.214342458,29600
155,Arizona,2013,0.007670688059779711,0.373084998,36,0.501817366,0.206472104,0.153436803,0.187801662,0.040491357,0.319228766,19000
156,Arkansas,2013,-0.002196567654865096,0.326229914,37,0.506247776,0.199394939,0.15315947,0.143226623,0.037164291,0.325487527,17000
157,California,2013,-0.0026196960490000934,0.44456163,35,0.502804968,0.221720742,0.125344456,0.213630249,0.049715045,0.287903371,19000
158,Colorado,2013,0.007256975948534805,0.334269993,36,0.496662248,0.217534959,0.12251823,0.262348466,0.037140541,0.251726009,24400
159,Connecticut,2013,-0.0010427366456534914,0.296561256,40,0.51284482,0.188278348,0.151392071,0.270439479,0.050144046,0.262129875,25400
160,Delaware,2013,0.012647833743890204,0.265001637,38,0.514895506,0.200100675,0.157676649,0.214941631,0.046858274,0.296748903,23500
161,District of Columbia ,2013,-0.01660149909876822,0.544923111,33,0.528564512,0.3181442,0.113487684,0.414335856,0.059805182,0.267710214,30000
162,Florida,2013,0.00512758127011333,0.35066021,41,0.51088383,0.190949764,0.186132412,0.198455162,0.046694755,0.335545439,18400
163,Georgia,2013,0.0007145516204290214,0.354850855,35,0.511780478,0.207715003,0.119332373,0.192757287,0.049753372,0.287893907,18000
164,Hawaii,2013,-0.0021193956388999846,0.399914106,38,0.494694648,0.220182415,0.156879294,0.223630288,0.027064486,0.281161551,24900
165,Idaho,2013,-0.0015342759339855294,0.301944749,35,0.499367919,0.199659954,0.138189334,0.174540485,0.035813976,0.283262082,19000
166,Illinois,2013,-0.00633794362010166,0.305732008,37,0.509246876,0.208997111,0.134970872,0.227188739,0.048855256,0.269336799,21700
167,Indiana,2013,-0.00037281087443778727,0.284436596,37,0.508763637,0.200282244,0.139446152,0.164638279,0.038503542,0.285733526,20000
168,Iowa,2013,-0.000685269949537104,0.253756776,38,0.505591157,0.199786695,0.155034791,0.183803734,0.02438895,0.262940329,24000
169,Kansas,2013,-0.0016147609688730857,0.30063059,36,0.502103867,0.207831008,0.141101613,0.210642383,0.03048594,0.25971775,22100
170,Kentucky,2013,0.0009162269023682036,0.298158144,38,0.507861247,0.197763973,0.144679254,0.159087615,0.039388255,0.321851434,18000
171,Louisiana,2013,-0.0017523769122378512,0.312987653,36,0.51193349,0.217770086,0.131119,0.156128999,0.038012786,0.309846567,17600
172,Maine,2013,0.00582744056347077,0.264599466,43,0.509680028,0.174289431,0.176946207,0.20788119,0.034574969,0.305078213,21000
173,Maryland,2013,-0.0038477711496255514,0.303530521,38,0.514223081,0.205584287,0.133800285,0.264955858,0.039775915,0.25050828,28500
174,Massachusetts,2013,-0.0032178369885114515,0.329689231,39,0.515616577,0.208834417,0.148333349,0.292675708,0.042936285,0.266558182,25300
175,Michigan,2013,-0.002386712930107563,0.265991668,39,0.509213873,0.192544036,0.149868902,0.19031598,0.048411409,0.309749705,20000
176,Minnesota,2013,-0.0027425239721834173,0.238814253,37,0.506819079,0.203015656,0.139613828,0.235815017,0.030495648,0.238047148,26000
177,Mississippi,2013,-0.0013235947608026474,0.323734533,36,0.514844008,0.199866141,0.139133133,0.138178668,0.047403272,0.328509194,15000
178,Missouri,2013,0.0034129904259544153,0.296053007,38,0.509888618,0.204312055,0.150597658,0.19200102,0.037597216,0.287934772,20000
179,Montana,2013,0.007982131979560138,0.308428679,39,0.500904779,0.194523058,0.161927371,0.205001157,0.037388011,0.296213916,20000
180,Nebraska,2013,-0.0011253704861307716,0.292178392,36,0.504591879,0.207495681,0.141648238,0.206535026,0.023851013,0.23299078,24000
181,Nevada,2013,0.008737033702502221,0.451809876,37,0.497014841,0.208592341,0.136408404,0.155192793,0.055060398,0.281686269,20300
182,New Hampshire,2013,-0.001067374110695997,0.257704999,42,0.507956045,0.180337283,0.153215929,0.257367247,0.030523046,0.266403417,25800
183,New Jersey,2013,-0.007410652267072736,0.326734491,39,0.512313443,0.191406912,0.144800417,0.261649882,0.047764783,0.273080057,25000
184,New Mexico,2013,-0.009026541931712418,0.308513888,37,0.503281802,0.201171829,0.148038136,0.177251381,0.044447119,0.321492917,16500
185,New York,2013,-0.006676493961126994,0.4208781,38,0.514447696,0.215770271,0.143742341,0.246268827,0.044187084,0.295802526,21000
186,North Carolina,2013,0.0027500095498368612,0.339222649,37,0.512506016,0.20159798,0.142551934,0.197943757,0.04772676,0.294230945,19500
187,North Dakota,2013,0.011996098763864982,0.294625466,35,0.490386277,0.238762333,0.141732088,0.195539631,0.013298442,0.232027404,26200
188,Ohio,2013,-0.0014259023362232157,0.305432343,39,0.511232405,0.194047987,0.151459345,0.184830221,0.040305396,0.292619236,20600
189,Oklahoma,2013,0.0021173500605682558,0.322055863,36,0.505411409,0.210994845,0.141996194,0.163688838,0.03015659,0.294783003,20000
190,Oregon,2013,0.007895332590790387,0.372770934,39,0.505075361,0.20209793,0.15366896,0.21576208,0.046162595,0.305711738,20000
191,Pennsylvania,2013,-0.001879697153542189,0.267593647,40,0.511544371,0.194366735,0.163740926,0.208595781,0.042641419,0.302084869,21950
192,Rhode Island,2013,-0.002121000649221161,0.353283037,39,0.511199598,0.208103386,0.154539515,0.238471114,0.048429355,0.278489716,22504
193,South Carolina,2013,0.007587434613348352,0.308614385,38,0.514327499,0.200431051,0.151925751,0.181386011,0.046860428,0.310264702,18500
194,South Dakota,2013,0.0009741918343992087,0.290647041,36,0.497886675,0.20368527,0.146717214,0.178752647,0.022308573,0.243581018,22300
195,Tennessee,2013,0.004010484036619948,0.318642705,38,0.511022667,0.20061321,0.14600111,0.174147295,0.042771235,0.306806304,18300
196,Texas,2013,0.005094821717549904,0.346563412,34,0.502943245,0.217939426,0.11193812,0.181624317,0.03504402,0.268064892,19500
197,Utah,2013,0.0018014789282185459,0.282259265,30,0.495858487,0.23608901,0.097545152,0.186814516,0.027642033,0.238107714,20000
198,Vermont,2013,0.0020492505465279434,0.251275873,42,0.508031853,0.184102261,0.164936246,0.250115698,0.027614382,0.286692306,23800
199,Virginia,2013,0.0033422337375049634,0.32214958,37,0.508949501,0.210609044,0.133765354,0.255466651,0.034099297,0.270142324,24600
200,Washington,2013,0.00220899705799946,0.355753488,37,0.500306108,0.21290698,0.13642872,0.231704049,0.039495907,0.284739692,24000
201,West Virginia,2013,0.001721052177900178,0.25418378,41,0.505131305,0.183631702,0.172528884,0.136843797,0.036328995,0.36784799,17600
202,Wisconsin,2013,-0.00167889979515903,0.28940102,38,0.503658288,0.19755558,0.147701792,0.19666628,0.035149066,0.263064513,23500
203,Wyoming,2013,-0.0010990412358997809,0.28746709,36,0.491710403,0.220417466,0.13243618,0.186050822,0.028248132,0.248368683,25000
204,Alabama,2014,-0.0008261391061460434,0.3100755,38,0.515315885,0.198808837,0.154216717,0.161479712,0.039343817,0.337976198,18000
205,Alaska,2014,-0.06721023493303599,0.334684797,33,0.473030899,0.240099521,0.093008041,0.195597585,0.036242487,0.232905588,29000
206,Arizona,2014,0.006460336766242913,0.385538018,36,0.504207245,0.205011109,0.159050813,0.187482582,0.036910435,0.321532815,20000
207,Arkansas,2014,0.0031133212775421547,0.322353018,37,0.509761597,0.196807949,0.157037442,0.149656364,0.030475305,0.331311108,18000
208,California,2014,-0.0021663007587665144,0.447084312,35,0.503698215,0.222752658,0.128719619,0.219469441,0.04210757,0.291959358,19900
209,Colorado,2014,0.008079636322941786,0.333577427,36,0.497537466,0.220952317,0.127255611,0.2659133,0.029290501,0.252908307,25000
210,Connecticut,2014,-0.003716011665423003,0.296063283,40,0.512690186,0.189031431,0.154825134,0.274904308,0.043096169,0.267077639,27000
211,Delaware,2014,0.005089586582178857,0.281949607,39,0.514187475,0.200015177,0.163189093,0.214902727,0.035833153,0.296544301,25000
212,District of Columbia ,2014,-0.005692294379952889,0.536903564,33,0.524802965,0.316567333,0.112585807,0.417538204,0.050190243,0.256882377,32000
213,Florida,2014,0.005187209605621194,0.35764313,41,0.511151419,0.191347819,0.190839306,0.200117708,0.03834759,0.339745292,19000
214,Georgia,2014,0.0026617480281249557,0.359134675,36,0.512369739,0.208464742,0.123784148,0.197486111,0.040206122,0.294498959,18700
215,Hawaii,2014,-0.002149010777852907,0.394034494,38,0.495686342,0.222187705,0.161490771,0.224467282,0.025114807,0.283549633,25000
216,Idaho,2014,0.004505789996433737,0.296729692,35,0.500327324,0.200089448,0.143272657,0.165832346,0.025943673,0.293156656,19800
217,Illinois,2014,-0.008858697815319696,0.310854092,37,0.509729997,0.208324082,0.138438875,0.234730501,0.043186953,0.274248132,22300
218,Indiana,2014,0.0003660869766667421,0.28369185,37,0.508089082,0.200659102,0.142765909,0.17209352,0.03520708,0.285727214,20800
219,Iowa,2014,0.0005916089971017523,0.246100094,38,0.502714084,0.197105299,0.158303204,0.194677332,0.024406799,0.257914227,24800
220,Kansas,2014,0.000981275258818616,0.301794305,36,0.504217084,0.206604222,0.142944214,0.214581782,0.027604139,0.266142359,22900
221,Kentucky,2014,0.0013804282951788774,0.314392776,38,0.506093296,0.197985615,0.148175455,0.160653202,0.03584537,0.324048926,19000
222,Louisiana,2014,0.0024892170040253167,0.332372406,36,0.511583388,0.217900774,0.136011412,0.158000471,0.035200947,0.311134797,18000
223,Maine,2014,0.005070020140997406,0.251913218,44,0.515924874,0.175199554,0.181725433,0.223063269,0.030028066,0.310288259,22000
224,Maryland,2014,-0.003565164721574275,0.312908408,38,0.51464768,0.205000262,0.136991339,0.271787715,0.038095464,0.256026572,28300
225,Massachusetts,2014,-0.0012884621409399617,0.331253795,39,0.515232733,0.210962035,0.150677172,0.303971976,0.037584976,0.267580108,26000
226,Michigan,2014,-0.0024281959106675823,0.268336731,39,0.508663629,0.194390001,0.154296062,0.195054389,0.040740263,0.314687256,20000
227,Minnesota,2014,-0.0027637010497614176,0.244310928,37,0.504043211,0.205824701,0.142396072,0.241907119,0.026503649,0.239733283,27000
228,Mississippi,2014,0.0003882098721772302,0.31198943,36,0.512777719,0.198651405,0.143003575,0.142156236,0.044729281,0.329061124,15400
229,Missouri,2014,-0.00023329893019986836,0.296683367,38,0.509874268,0.203982163,0.153524423,0.194300108,0.033619858,0.295545922,20800
230,Montana,2014,0.0017139440461697783,0.318172803,39,0.500091346,0.197415148,0.166787322,0.197422964,0.027260231,0.295413446,20100
231,Nebraska,2014,0.004610313321274893,0.294797829,36,0.50084002,0.20556757,0.144241067,0.207895496,0.02004355,0.230846828,25000
232,Nevada,2014,0.009010641160077264,0.452120902,37,0.497386319,0.210658734,0.141662549,0.160577704,0.045763815,0.288758159,21400
233,New Hampshire,2014,-0.0001315067233989206,0.256645812,42,0.506591358,0.182930074,0.157958205,0.260130855,0.030504675,0.261066933,27000
234,New Jersey,2014,-0.008969454215632958,0.334978002,39,0.511108923,0.192414447,0.146628702,0.268228581,0.039654851,0.271555994,25000
235,New Mexico,2014,-0.0007205760806308567,0.312446657,37,0.505899101,0.206609506,0.151501363,0.179008924,0.039791002,0.320393158,17000
236,New York,2014,-0.008467176959157167,0.427916027,38,0.514773936,0.216828764,0.146677337,0.253483108,0.036538373,0.29755887,22000
237,North Carolina,2014,0.003606604995746953,0.337192794,38,0.513479735,0.199028275,0.146925813,0.201564788,0.039987072,0.29995,20000
238,North Dakota,2014,0.01480943143294667,0.303677439,34,0.489974063,0.243854482,0.142378043,0.183176872,0.016024731,0.244306149,27200
239,Ohio,2014,-0.0009452975195072058,0.309883258,39,0.510125397,0.193849181,0.155048364,0.188658638,0.036414617,0.29265847,21360
240,Oklahoma,2014,0.0020991081533461332,0.330603182,36,0.505842239,0.209854383,0.145341307,0.165811383,0.026460199,0.303142481,20000
241,Oregon,2014,0.008241622894825825,0.37575345,39,0.505973066,0.203739876,0.159425667,0.217900484,0.037846084,0.311235419,20100
242,Pennsylvania,2014,-0.0015756492190044935,0.272720341,40,0.510510229,0.196021196,0.166721995,0.211890179,0.035937944,0.305302823,22000
243,Rhode Island,2014,-0.0050981252953319935,0.357529997,39,0.514872917,0.211190013,0.158618539,0.221033897,0.040546906,0.289655819,23000
244,South Carolina,2014,0.010173705468457077,0.30871072,38,0.513182667,0.201486524,0.15738786,0.185079427,0.04001422,0.314026002,19000
245,South Dakota,2014,-0.003513623465692471,0.277774196,36,0.497334076,0.20694582,0.15064553,0.181340288,0.019400475,0.238668503,24000
246,Tennessee,2014,0.0032192596027869197,0.31919112,38,0.512741261,0.200403032,0.150265858,0.180153701,0.038152477,0.312947907,18700
247,Texas,2014,0.0036914401529653355,0.353653925,34,0.503656792,0.218178921,0.114839738,0.184808909,0.029989845,0.270737336,20000
248,Utah,2014,0.0033319221352932707,0.279340936,30,0.497515717,0.233617361,0.100043427,0.189431724,0.023444206,0.235838298,20000
249,Vermont,2014,0.0033632929764675773,0.261156917,42,0.510594323,0.188299003,0.169488415,0.264301059,0.032571398,0.276876031,24000
250,Virginia,2014,-0.0004453704998229127,0.321678121,37,0.508171888,0.210714882,0.137328527,0.258854215,0.03130146,0.270867009,25000
251,Washington,2014,0.002793036299040045,0.353332776,37,0.499823409,0.212959798,0.140662576,0.235328038,0.034339584,0.285799678,24100
252,West Virginia,2014,-0.0005027045830604572,0.254143324,41,0.505859508,0.18499659,0.178434503,0.142086313,0.029436975,0.381143647,18000
253,Wisconsin,2014,0.00046976542918621134,0.292964177,39,0.503682981,0.197893241,0.152430438,0.20389769,0.028613664,0.267287346,24000
254,Wyoming,2014,-0.012336299026690374,0.300825297,36,0.492547329,0.212793566,0.134521264,0.179485512,0.026308176,0.249573314,25000
255,Alabama,2015,0.0028161148121112964,0.300791998,38,0.516260103,0.197791141,0.157362483,0.169096018,0.032854227,0.343350733,18000
256,Alaska,2015,-0.007940964662284104,0.326852032,32,0.473476231,0.252698962,0.097069195,0.18640579,0.036994605,0.236082672,28400
257,Arizona,2015,0.009718235463120665,0.371490459,37,0.504255305,0.203301375,0.163652806,0.192736888,0.032095623,0.325128422,20000
258,Arkansas,2015,0.0015502176955234023,0.32822634,37,0.509520167,0.197697337,0.159665355,0.150117991,0.02698069,0.333827031,18500
259,California,2015,-0.00343125252631726,0.445557059,36,0.503730098,0.222763483,0.132652118,0.224763799,0.035833555,0.2925927,20000
260,Colorado,2015,0.007753600733397349,0.334817598,36,0.497372894,0.221953189,0.130147965,0.27633768,0.028005851,0.253227391,26240
261,Connecticut,2015,-0.007425982370331971,0.29667692,40,0.511636961,0.190259451,0.157513494,0.278129687,0.037373228,0.272451423,28000
262,Delaware,2015,0.013892464646044232,0.277883024,39,0.518740208,0.199508634,0.168680902,0.225861424,0.028533703,0.302246246,25000
263,District of Columbia ,2015,-0.008186891963134033,0.532030799,33,0.522901456,0.313268712,0.110124839,0.431030841,0.043140125,0.241485032,35000
264,Florida,2015,0.006561094539637911,0.359980124,41,0.512195584,0.190930643,0.194455188,0.210419208,0.033511069,0.341477979,20000
265,Georgia,2015,0.003148695361463911,0.362465467,36,0.512757493,0.206346147,0.126790676,0.202906452,0.034005361,0.292785217,20000
266,Hawaii,2015,-0.005085268996180052,0.399218219,37,0.495879095,0.223271396,0.165263694,0.225001624,0.023958458,0.278490615,27400
267,Idaho,2015,0.01038804054783507,0.290411679,35,0.50045017,0.199992145,0.145815231,0.16920051,0.025346087,0.285942608,20000
268,Illinois,2015,-0.009928270094038957,0.316565597,37,0.510004864,0.208265711,0.142278516,0.234702035,0.036076297,0.27792468,23430
269,Indiana,2015,0.0008097678565167736,0.289853135,37,0.508178794,0.200970742,0.145907506,0.174872804,0.030528364,0.28799655,21500
270,Iowa,2015,0.0014505530371334494,0.255110681,38,0.504164187,0.199454272,0.160572093,0.190758408,0.022108589,0.259870438,25000
271,Kansas,2015,-0.0030065139407375735,0.305607388,36,0.501757256,0.204646795,0.146222354,0.216105626,0.024272567,0.258274973,24400
272,Kentucky,2015,-0.0005612663801776337,0.312541299,38,0.507719614,0.19560904,0.152374911,0.162432329,0.029863108,0.329064797,19700
273,Louisiana,2015,-0.0015233953687638566,0.331731012,36,0.510397746,0.215678983,0.140056017,0.161581374,0.033006018,0.315196531,18000
274,Maine,2015,-0.005190465244916179,0.240620825,44,0.5091046,0.176413195,0.189957633,0.228981109,0.026450959,0.312126127,22450
275,Maryland,2015,-0.002365688026345885,0.316120918,38,0.516512967,0.205668419,0.140555051,0.279566083,0.03012969,0.260702208,30000
276,Massachusetts,2015,-0.0063547597557943765,0.333925093,39,0.514395779,0.211432407,0.153350351,0.306828601,0.031371028,0.2717251,27600
277,Michigan,2015,-0.0038556049946425665,0.264451187,39,0.508655716,0.195676304,0.158729145,0.199819281,0.035450774,0.313194981,21200
278,Minnesota,2015,-0.0035597204368992066,0.252364747,37,0.502676336,0.201422364,0.146219374,0.248093757,0.023491719,0.238829684,29000
279,Mississippi,2015,-0.004014882322360847,0.321902676,37,0.516493318,0.196516564,0.147422429,0.142753831,0.039234938,0.337711745,16300
280,Missouri,2015,0.0004886125621093619,0.301853552,38,0.509678858,0.201385611,0.156351624,0.19691775,0.026526414,0.294786931,22000
281,Montana,2015,0.009532610793514848,0.300440777,40,0.496511444,0.196174254,0.172994988,0.20653101,0.02173389,0.303067238,22000
282,Nebraska,2015,-0.000279865496824426,0.300346484,36,0.502556178,0.207510851,0.147584894,0.208250228,0.017949678,0.236789562,25000
283,Nevada,2015,0.012121702921437168,0.45381091,37,0.499623121,0.207225569,0.146569602,0.167362484,0.04097833,0.290822234,22000
284,New Hampshire,2015,0.008298336530135127,0.249357437,42,0.504141716,0.183817473,0.164038545,0.263151882,0.024709005,0.26536215,29000
285,New Jersey,2015,-0.009357970505565,0.336244321,39,0.511407943,0.192631558,0.149805989,0.273542135,0.034229466,0.278007411,25200
286,New Mexico,2015,-0.006084467072345272,0.304231098,37,0.503268654,0.202639766,0.158752852,0.17976758,0.032684622,0.329873402,18000
287,New York,2015,-0.00972706546492537,0.425637652,38,0.514176978,0.216468642,0.149830184,0.257991813,0.033566378,0.298282347,23300
288,North Carolina,2015,0.007102117937808978,0.342949209,38,0.512581449,0.199813658,0.150833901,0.208293263,0.033406115,0.302651392,20000
289,North Dakota,2015,0.013573934507538937,0.317238892,35,0.486606388,0.239989801,0.14262519,0.209295996,0.016679261,0.243817113,29000
290,Ohio,2015,-0.000915143362537469,0.309405849,39,0.510423327,0.195632588,0.158513214,0.190985896,0.032309165,0.2950429,22600
291,Oklahoma,2015,0.0029294548886593906,0.328117897,36,0.504541413,0.207750647,0.147192342,0.172501584,0.026046074,0.302920637,20000
292,Oregon,2015,0.007630958084761125,0.363361965,39,0.505759154,0.203264501,0.163957004,0.232600236,0.035312438,0.308215957,22000
293,Pennsylvania,2015,-0.0024362899413741083,0.27394893,40,0.511290175,0.194775584,0.170542667,0.216862515,0.031971248,0.307491668,23100
294,Rhode Island,2015,0.007615194540645038,0.35397492,39,0.516006847,0.211671328,0.159868711,0.241244422,0.03247095,0.289763873,24200
295,South Carolina,2015,0.007074886686052714,0.303367996,38,0.51297204,0.20018439,0.16220125,0.189389573,0.035582272,0.320715109,20000
296,South Dakota,2015,0.0012606013176373922,0.258538165,37,0.496707511,0.202797072,0.156668441,0.192748952,0.023617626,0.253509445,24600
297,Tennessee,2015,0.0027280093479631895,0.324078652,38,0.512765104,0.19989049,0.153551074,0.184661483,0.030303779,0.312764467,20000
298,Texas,2015,0.0037722037044542536,0.353364218,34,0.503778353,0.217383968,0.117214665,0.187808824,0.027233023,0.274366949,20000
299,Utah,2015,0.00414659422310501,0.278424083,30,0.495618874,0.232587063,0.102674338,0.191760859,0.019739185,0.234937593,21500
300,Vermont,2015,-0.0016552627493466934,0.244846192,43,0.504795205,0.189921762,0.174953118,0.277663479,0.018578626,0.290884637,25200
301,Virginia,2015,0.000788145441837626,0.326172287,37,0.508680611,0.210105031,0.141376714,0.262730865,0.028129094,0.273310857,25000
302,Washington,2015,0.006974874928859849,0.34874541,37,0.500291687,0.215145116,0.144062264,0.242495939,0.02946369,0.289382626,25040
303,West Virginia,2015,-0.005317553799861988,0.256233298,42,0.507132368,0.180837773,0.182145166,0.146405239,0.029759323,0.383746681,18900
304,Wisconsin,2015,-0.0005358298042861843,0.289055898,39,0.502754908,0.195426814,0.156028837,0.206710334,0.022873209,0.264961308,25000
305,Wyoming,2015,0.006924422972569393,0.302524966,36,0.500331851,0.208052455,0.142171992,0.183053606,0.027537634,0.248348851,27000
306,Alabama,2016,0.00447479751875882,0.293535254,38,0.514630395,0.196826229,0.161242572,0.175159871,0.029509387,0.341213168,19000
307,Alaska,2016,-0.014394115738888102,0.318712646,33,0.474050201,0.245919228,0.101081826,0.197547089,0.041695984,0.234033433,30000
308,Arizona,2016,0.011281034745119656,0.360483971,37,0.502949256,0.204075532,0.168807678,0.199515053,0.030981215,0.322255103,20800
309,Arkansas,2016,-0.0003893269529033211,0.3313905,37,0.507825656,0.194355689,0.162529683,0.15482818,0.023436475,0.332294374,19400
310,California,2016,-0.0037705000281698098,0.444491171,36,0.503250865,0.221805254,0.136410056,0.230899722,0.03239591,0.291599313,21480
311,Colorado,2016,0.005082068993776542,0.32696242,36,0.496427157,0.221339236,0.134292565,0.2812393,0.02532296,0.256601111,27600
312,Connecticut,2016,-0.010441477219034979,0.306847121,40,0.511831838,0.192008169,0.161128683,0.284001016,0.034411478,0.270673561,30000
313,Delaware,2016,0.004603682813013887,0.282823127,40,0.518316501,0.196076949,0.17522333,0.230120843,0.028209208,0.313715975,25800
314,District of Columbia ,2016,-0.003962644847969182,0.540426032,33,0.525580986,0.31144795,0.115965178,0.429713581,0.038812631,0.260632441,35000
315,Florida,2016,0.007979789499470081,0.356657502,42,0.51133289,0.19004636,0.198634863,0.211789832,0.028789994,0.343696784,20000
316,Georgia,2016,0.004236593913410001,0.364542556,36,0.513611101,0.205525097,0.131828525,0.210092828,0.02933522,0.291345287,20100
317,Hawaii,2016,-0.005228027693519176,0.388614525,39,0.496337213,0.213198353,0.170815725,0.239704821,0.021177314,0.277038998,28000
318,Idaho,2016,0.008989839368466222,0.289372839,36,0.50166831,0.198267524,0.152627232,0.182420951,0.022131255,0.294167449,20000
319,Illinois,2016,-0.01104413755613188,0.309636755,37,0.509116287,0.206122639,0.146417552,0.242548728,0.032854565,0.277618574,24100
320,Indiana,2016,0.0011644465790460676,0.285789967,37,0.508123936,0.200975026,0.149465714,0.180449938,0.024542394,0.28534236,22900
321,Iowa,2016,0.00029370443740571114,0.253557844,38,0.503521397,0.197854463,0.164375586,0.204373762,0.020170715,0.260049389,26000
322,Kansas,2016,-0.0015418327581279319,0.305793129,36,0.501931868,0.203499893,0.149656604,0.226145732,0.022802687,0.260932436,24750
323,Kentucky,2016,0.0020915777437066387,0.30421499,38,0.508774674,0.194803936,0.154625878,0.16591578,0.027231397,0.326768424,20000
324,Louisiana,2016,-0.0015148900549725973,0.328851311,36,0.510546032,0.211289955,0.144120277,0.161832989,0.032869282,0.319241911,18000
325,Maine,2016,0.004062715381095688,0.239434494,44,0.512229633,0.173412423,0.193027453,0.2309905,0.022809222,0.314184452,23500
326,Maryland,2016,-0.004705086544194818,0.314599962,38,0.516347439,0.202723302,0.145846377,0.281436037,0.028818836,0.255359849,30000
327,Massachusetts,2016,-0.004249827460900316,0.324096634,39,0.514124211,0.212447656,0.158025275,0.315411813,0.029179001,0.269657224,29900
328,Michigan,2016,-0.00013767411912823935,0.267030207,39,0.508445252,0.197627892,0.161902541,0.201540546,0.030579656,0.311943535,22000
329,Minnesota,2016,-0.001965166860130964,0.244991623,38,0.503053469,0.201153561,0.150640622,0.245197784,0.02083587,0.239898644,30000
330,Mississippi,2016,-0.004298801778906541,0.313699215,37,0.518267984,0.196348879,0.150353696,0.149136455,0.033732768,0.33751806,17000
331,Missouri,2016,0.0004905835551254588,0.305269161,38,0.507689151,0.197108157,0.16013852,0.201849992,0.024194978,0.295100771,23000
332,Montana,2016,0.005802866890530216,0.283294325,40,0.497154011,0.194568929,0.177837356,0.221889268,0.025083452,0.297148256,22250
333,Nebraska,2016,0.0019273520506987649,0.303177678,36,0.501790662,0.203542941,0.150127208,0.221029555,0.020188599,0.237397725,26600
334,Nevada,2016,0.009624550864174169,0.437373344,37,0.498549008,0.207737398,0.149969831,0.164238597,0.033385056,0.292224847,23000
335,New Hampshire,2016,0.004801179287284574,0.25395654,42,0.500007867,0.186610514,0.17014975,0.276038838,0.02230632,0.263088255,30000
336,New Jersey,2016,-0.009279151091293132,0.338150873,39,0.51157749,0.19259813,0.153750323,0.282034741,0.030952536,0.278442689,27000
337,New Mexico,2016,-0.0005300140362901051,0.306436042,37,0.505702265,0.201140789,0.163545193,0.187519552,0.035336122,0.329337847,18400
338,New York,2016,-0.009672806349193486,0.426047246,38,0.514203515,0.215713986,0.153485371,0.262024476,0.030592512,0.301552436,24000
339,North Carolina,2016,0.0070876579256590085,0.337391005,38,0.513915241,0.196995739,0.154373778,0.216580557,0.030874105,0.303958553,21000
340,North Dakota,2016,-0.010502632684903312,0.314200221,35,0.484609204,0.235374753,0.145692411,0.206295113,0.018383726,0.227818875,30000
341,Ohio,2016,-0.0015010401635185515,0.3100981,39,0.509436196,0.196123458,0.162456036,0.198630008,0.028590868,0.295272676,23200
342,Oklahoma,2016,-0.001031233478259657,0.333233254,36,0.504339043,0.208674722,0.150022645,0.174089813,0.027920045,0.306163712,20700
343,Oregon,2016,0.007544870963587205,0.355520323,39,0.503462714,0.205918214,0.168309,0.236253883,0.029183833,0.310435291,23000
344,Pennsylvania,2016,-0.0005554685925292686,0.274397897,40,0.510337778,0.196685024,0.174002542,0.227170559,0.029249637,0.309564043,24000
345,Rhode Island,2016,-0.002839953304324301,0.364381414,40,0.516501866,0.20985947,0.164014328,0.253654302,0.02849608,0.302028727,25000
346,South Carolina,2016,0.007351354142609939,0.298938203,39,0.514991477,0.197321411,0.167236666,0.196633461,0.030415316,0.315595937,21000
347,South Dakota,2016,0.0022477353614156065,0.281798917,36,0.496307141,0.204355171,0.159230878,0.201548551,0.021364509,0.244654251,26000
348,Tennessee,2016,-0.0018638793783852178,0.326352081,38,0.512274037,0.199811041,0.157226507,0.187734413,0.02731705,0.313671651,20200
349,Texas,2016,0.002998603988855944,0.353707386,34,0.503552397,0.217648779,0.120185176,0.193410119,0.026967767,0.272491372,21000
350,Utah,2016,0.006642195296315309,0.27066151,30,0.495452143,0.230125225,0.104552053,0.196853583,0.021470449,0.23372084,22000
351,Vermont,2016,-0.0039052191909350054,0.240820437,42,0.50660429,0.187467379,0.182718694,0.264659923,0.019934549,0.283742719,26000
352,Virginia,2016,-0.0016530840258049267,0.321091019,38,0.50830844,0.205825549,0.146072045,0.272719016,0.025055256,0.275872559,26300
353,Washington,2016,0.00859762792596478,0.344941136,37,0.501084111,0.213329583,0.148424122,0.250578897,0.0276014,0.289073271,26800
354,West Virginia,2016,-0.002355270743665004,0.259792191,42,0.505599907,0.181966925,0.187597414,0.156151323,0.035285309,0.379854863,19200
355,Wisconsin,2016,0.0007762286799443026,0.287198577,39,0.504172991,0.197099733,0.160138017,0.213700673,0.022059771,0.268154012,26000
356,Wyoming,2016,-0.0013481980677769387,0.278636586,37,0.493076869,0.203422368,0.149519813,0.183950156,0.030182698,0.267067008,24200
357,Alabama,2017,0.002039508755738585,0.291960383,38,0.514868977,0.195623281,0.164915841,0.180442595,0.026512966,0.351122427,19400
358,Alaska,2017,-0.01699205574263673,0.318444975,34,0.476271129,0.22832947,0.110786096,0.194607966,0.036011327,0.243801323,29440
359,Arizona,2017,0.013706048736655638,0.339976227,37,0.503302752,0.203263985,0.170683283,0.202737067,0.026559411,0.319000409,23000
360,Arkansas,2017,0.003073205996320945,0.326459693,38,0.507929856,0.195523785,0.165543214,0.164365227,0.025642425,0.329820899,20000
361,California,2017,-0.0036066097272078254,0.431339117,36,0.503127895,0.222077676,0.139310958,0.237677934,0.029887457,0.289920722,23000
362,Colorado,2017,0.005459257070322673,0.319346142,36,0.496890044,0.221987482,0.138500387,0.293449226,0.02300347,0.253668617,30000
363,Connecticut,2017,-0.004469609125121329,0.29376838,40,0.512071845,0.193278271,0.167230555,0.28389737,0.033014751,0.280278269,30000
364,Delaware,2017,0.0027498517219848514,0.270643981,40,0.516157469,0.197382578,0.181052021,0.231841104,0.027046414,0.322806332,25500
365,District of Columbia ,2017,-0.013047235265545451,0.513375179,34,0.527738871,0.310982287,0.121172036,0.432654343,0.03452733,0.250687348,40000
366,Florida,2017,0.005334796815905603,0.346017518,42,0.511276138,0.189039286,0.200853825,0.219435628,0.026453175,0.34283096,21200
367,Georgia,2017,0.0021270151136588734,0.350002335,36,0.513429227,0.203263492,0.134467067,0.213725285,0.028836041,0.28940889,21820
368,Hawaii,2017,-0.014180252727419795,0.365244218,39,0.49811984,0.208679559,0.17784115,0.23694991,0.01898023,0.281951163,29600
369,Idaho,2017,0.008387754918682107,0.281149695,36,0.49596696,0.194519562,0.153632357,0.180031603,0.019974455,0.294438429,21000
370,Illinois,2017,-0.011248534308179086,0.301921813,37,0.508929487,0.205168433,0.151874278,0.2457139,0.031838718,0.279449896,25000
371,Indiana,2017,0.0014433880556702812,0.27663872,37,0.50793392,0.20001341,0.153699411,0.188660617,0.023883358,0.289808721,23800
372,Iowa,2017,-0.0008178596490303267,0.239311876,38,0.505595396,0.196287898,0.166502581,0.206454757,0.019933808,0.258005265,27300
373,Kansas,2017,-0.004670253896260815,0.302263241,36,0.500894401,0.205536807,0.154514931,0.233341675,0.022863092,0.264819234,25000
374,Kentucky,2017,0.0009177167503111143,0.303233428,38,0.506831434,0.195027198,0.159159838,0.170395329,0.025831863,0.326453817,20200
375,Louisiana,2017,-0.006265892499940265,0.320304513,36,0.511509109,0.205979592,0.148606216,0.167161472,0.030728174,0.323833938,18700
376,Maine,2017,0.004990418025467222,0.225664661,44,0.509481573,0.1743557,0.198820726,0.246702053,0.021961858,0.315050374,25000
377,Maryland,2017,-0.0032010667532038177,0.303741943,38,0.514248014,0.202195342,0.14872797,0.287393445,0.027622127,0.25914642,30100
378,Massachusetts,2017,-0.004129937021011741,0.325241672,39,0.514194471,0.213455049,0.161608929,0.323023392,0.024550648,0.27610437,30000
379,Michigan,2017,-1.5013969077333489e-06,0.255175933,39,0.507806572,0.196833245,0.166927634,0.209405528,0.028784887,0.313849668,23700
380,Minnesota,2017,-0.001781928386619256,0.244255018,37,0.503142055,0.199475452,0.153733472,0.254942164,0.020990904,0.240375418,30000
381,Mississippi,2017,-0.0015427965083228933,0.304422439,37,0.514662377,0.191180255,0.155984384,0.150278476,0.030376998,0.342408431,18000
382,Missouri,2017,0.0017798437308768726,0.289842108,38,0.509060883,0.200115089,0.165155756,0.207442932,0.023044126,0.296144029,24000
383,Montana,2017,0.006863988228239165,0.276753867,39,0.500945746,0.196044143,0.180728477,0.225752099,0.016495112,0.291385093,24000
384,Nebraska,2017,0.002292127710942421,0.29826736,36,0.500753095,0.206138195,0.153417886,0.216099779,0.01843677,0.23363346,28000
385,Nevada,2017,0.011167244105357695,0.418387486,38,0.499055883,0.206153089,0.153265851,0.178306553,0.029658387,0.288865155,24200
386,New Hampshire,2017,0.0079619486870071,0.255206491,43,0.503229458,0.190042412,0.175726004,0.275539453,0.023250757,0.265642931,30000
387,New Jersey,2017,-0.008194694848702451,0.330135413,39,0.511632705,0.192491398,0.157178987,0.289684003,0.027668316,0.277683639,28340
388,New Mexico,2017,-0.0048767161802497384,0.29125173,37,0.502288716,0.200981768,0.167117482,0.188574617,0.029342886,0.340519235,18900
389,New York,2017,-0.008494621073143013,0.418722098,38,0.514013598,0.21523231,0.159570877,0.268428077,0.028107753,0.30031539,25000
390,North Carolina,2017,0.00665021785338956,0.322117398,38,0.513297861,0.197659319,0.158513149,0.223318839,0.026306724,0.302437582,22500
391,North Dakota,2017,-0.00043564199367037565,0.294608237,35,0.486495109,0.235360931,0.148395603,0.216529674,0.013888135,0.235771314,30000
392,Ohio,2017,-0.0007147525376080162,0.305666225,39,0.5103005,0.196495654,0.165934375,0.201543769,0.025837216,0.297409837,24300
393,Oklahoma,2017,0.0014024622892802908,0.326634297,36,0.50570587,0.205005821,0.152100403,0.174389396,0.025920764,0.305079748,20800
394,Oregon,2017,0.009328852991531182,0.341498551,39,0.504163392,0.204790942,0.170703895,0.243633496,0.025921508,0.307053773,24700
395,Pennsylvania,2017,-0.000443185852122413,0.270702587,40,0.509584252,0.195373298,0.177865325,0.233643228,0.0271399,0.307910086,25000
396,Rhode Island,2017,0.006020870454048085,0.338864462,39,0.515978555,0.211794772,0.1665152,0.247158702,0.0317108,0.285501949,26000
397,South Carolina,2017,0.0073023703501442945,0.295657823,39,0.51503343,0.194149156,0.172487132,0.20044726,0.027676311,0.320791725,21000
398,South Dakota,2017,-0.0017422326436284073,0.267845357,37,0.498069374,0.205751403,0.163238531,0.192740661,0.018449612,0.246579721,26600
399,Tennessee,2017,0.0052376853866949215,0.321935401,38,0.512943003,0.199757921,0.15954773,0.196377031,0.023897466,0.30872989,22000
400,Texas,2017,0.0018781561303150285,0.341085631,34,0.503472828,0.215822229,0.122218667,0.19852631,0.025067307,0.274191336,22000
401,Utah,2017,0.0028870419354470704,0.263622187,31,0.49652931,0.228465878,0.107973253,0.209676021,0.017481599,0.230344122,23700
402,Vermont,2017,0.0013763785571886539,0.25220594,42,0.504727759,0.197400173,0.189386153,0.27775524,0.023419925,0.290990079,26300
403,Virginia,2017,-0.0016755962060805117,0.308697382,38,0.508708008,0.207467751,0.150336599,0.278787771,0.023529815,0.275096635,28000
404,Washington,2017,0.007993991023719293,0.336984959,37,0.500666172,0.214657462,0.150523857,0.255582188,0.024928356,0.283558044,28900
405,West Virginia,2017,-0.0018398585223166758,0.252736311,42,0.506300882,0.176497378,0.192526174,0.148651023,0.029104715,0.389971787,18800
406,Wisconsin,2017,-0.00024652683173038634,0.29276697,39,0.503545088,0.19402904,0.165406576,0.218965874,0.018117903,0.269479006,27500
407,Wyoming,2017,-0.012584318796233195,0.271123655,37,0.488117863,0.199632324,0.156212078,0.188816102,0.026006577,0.266419823,26800
408,Alabama,2018,0.0021875900194576713,0.296861967,39,0.516341777,0.196585589,0.16952125,0.180177832,0.025368918,0.347992613,20000
409,Alaska,2018,-0.009679229578194948,0.299048869,35,0.485194688,0.222345472,0.118131965,0.203569656,0.036652573,0.244473434,30000
410,Arizona,2018,0.012786499521852814,0.336989584,38,0.502818042,0.205581815,0.175373826,0.208198927,0.025406999,0.320698345,24000
411,Arkansas,2018,0.0010647723603263298,0.31840004,38,0.511105655,0.19670452,0.167844185,0.163937521,0.020828681,0.333114232,20000
412,California,2018,-0.0049052077222639,0.429267201,36,0.502991136,0.221226788,0.143379593,0.243887859,0.02812566,0.28792047,24500
413,Colorado,2018,0.00585553894826827,0.314779888,36,0.497278759,0.221336465,0.142042649,0.301182991,0.021558181,0.25271334,30000
414,Connecticut,2018,-0.008355223545739823,0.301711188,41,0.512920187,0.191405016,0.171268507,0.292589985,0.029494789,0.279874268,30000
415,Delaware,2018,0.0009603216897690683,0.270456827,41,0.517254963,0.192053939,0.187932641,0.226683803,0.028668147,0.301459618,27010
416,District of Columbia ,2018,-0.01804026670095002,0.516925639,33,0.526073556,0.306546327,0.12085614,0.457414354,0.045197201,0.243772199,40500
417,Florida,2018,0.005149526079792535,0.334498722,42,0.511855657,0.188302211,0.20475339,0.22673789,0.025404279,0.339305307,22200
418,Georgia,2018,0.003920100428074905,0.33878763,36,0.513392826,0.205423274,0.138506912,0.222396745,0.023973345,0.291983393,23500
419,Hawaii,2018,-0.009423479217055358,0.378008027,39,0.499332273,0.205502182,0.184702332,0.24260907,0.018088816,0.28053328,29600
420,Idaho,2018,0.013585684072468324,0.268714428,36,0.498711669,0.19578351,0.160037464,0.185179295,0.021105251,0.29308269,22600
421,Illinois,2018,-0.007751853936357082,0.302024868,38,0.508065721,0.204719616,0.156245075,0.253996757,0.028717267,0.278975644,26000
422,Indiana,2018,0.0011862150409627618,0.273601222,37,0.507767476,0.20053414,0.157004805,0.18958131,0.022791958,0.28618334,25000
423,Iowa,2018,0.001028982915058263,0.247949635,38,0.503063706,0.195658311,0.171090048,0.203302763,0.019621405,0.259025172,28000
424,Kansas,2018,-0.0005423316018360186,0.29322963,37,0.50032423,0.201138928,0.158052694,0.230650762,0.0202328,0.263315256,25200
425,Kentucky,2018,0.0021355009291585923,0.297638395,39,0.508794195,0.198398219,0.164027767,0.179879071,0.023201583,0.326228705,21700
426,Louisiana,2018,-0.003030944329953149,0.319188417,37,0.511408423,0.204449678,0.154786138,0.17005767,0.029049923,0.323430497,20000
427,Maine,2018,0.007133664740534524,0.231150684,45,0.512092014,0.174113347,0.206522844,0.235471502,0.020242767,0.309624747,27000
428,Maryland,2018,-0.003338303314681306,0.291368057,38,0.515171981,0.200604926,0.153777489,0.294745179,0.026096866,0.259903904,32000
429,Massachusetts,2018,-0.0052381968370336825,0.325856245,39,0.514007931,0.214551685,0.164766523,0.330587058,0.026254249,0.273347312,30000
430,Michigan,2018,-0.0013969275475582636,0.255720862,39,0.507772325,0.19826189,0.171647818,0.214103061,0.025676389,0.312399015,24300
431,Minnesota,2018,-0.002208023048579439,0.24153284,38,0.500097751,0.201330594,0.158160878,0.26532374,0.018753813,0.244622565,31000
432,Mississippi,2018,-0.0028898207637529857,0.304986054,37,0.516291147,0.1965331,0.158837179,0.162430647,0.032617452,0.344903952,18000
433,Missouri,2018,-0.0037182410853791974,0.291944832,38,0.509833914,0.200753715,0.169349078,0.21254847,0.021230722,0.300335822,25000
434,Montana,2018,0.00732347745380188,0.288222309,40,0.49425071,0.189664927,0.190642047,0.223504549,0.018641539,0.293159686,25000
435,Nebraska,2018,-8.134299290386837e-05,0.287878615,36,0.502714501,0.199129411,0.15725809,0.2283125,0.016378751,0.242624664,27700
436,Nevada,2018,0.011981962637036412,0.405062695,38,0.498597083,0.204629461,0.157673102,0.176568486,0.028443589,0.292492862,25000
437,New Hampshire,2018,0.0032584184931555987,0.237825584,43,0.504659358,0.187730111,0.180900318,0.279398559,0.018912423,0.274916876,30000
438,New Jersey,2018,-0.008080701671131011,0.323063651,39,0.512274317,0.191111094,0.161710026,0.297167543,0.025203738,0.274026213,30000
439,New Mexico,2018,-0.006877088958513397,0.31054324,38,0.50363458,0.200016894,0.176338199,0.191337521,0.026898085,0.347689828,19100
440,New York,2018,-0.0104459488510613,0.417662251,39,0.514544031,0.213601134,0.164230052,0.276930515,0.025282147,0.302991591,26000
441,North Carolina,2018,0.007454640910037124,0.32347062,38,0.513598822,0.19786664,0.162528868,0.228689609,0.024340163,0.301291168,23800
442,North Dakota,2018,0.0007119261913443725,0.312236787,35,0.486603331,0.237615399,0.152249048,0.202340026,0.0141262,0.238824488,32000
443,Ohio,2018,-0.000816468163084498,0.30308889,39,0.509484713,0.196086776,0.170541588,0.208260069,0.0253492,0.295646362,25000
444,Oklahoma,2018,0.0022775001697391863,0.325620156,36,0.505571915,0.204973829,0.156570284,0.177657359,0.020839045,0.300970637,22000
445,Oregon,2018,0.0016978167156805266,0.343322246,39,0.503735283,0.204712659,0.176700242,0.250539228,0.02369215,0.306956358,26000
446,Pennsylvania,2018,0.0008880168003651268,0.270502832,40,0.510487497,0.195496546,0.181901076,0.235493704,0.024998477,0.3040163,25800
447,Rhode Island,2018,0.0010667480104737531,0.332309671,40,0.513117661,0.211109272,0.172291134,0.257385926,0.031537432,0.298054033,27200
448,South Carolina,2018,0.008614561719732416,0.291255706,39,0.514336483,0.192522925,0.176833309,0.202045307,0.024537939,0.320127723,22000
449,South Dakota,2018,-0.0023155884981472877,0.283220457,37,0.497224662,0.196629016,0.164852902,0.200977064,0.018786378,0.248427006,27000
450,Tennessee,2018,0.005145172266645775,0.311527605,38,0.512342079,0.199088185,0.162902123,0.197361008,0.027341023,0.308531893,22300
451,Texas,2018,0.0034165711493346768,0.343187799,34,0.50346976,0.214370888,0.125277103,0.203744637,0.024152071,0.27308687,22800
452,Utah,2018,0.0026183331149669635,0.258790518,31,0.495719693,0.227974711,0.110022919,0.215642315,0.016199399,0.235363267,25000
453,Vermont,2018,0.008376404820152832,0.247972614,43,0.505386405,0.191011003,0.195866511,0.294779331,0.019238415,0.284231653,27780
454,Virginia,2018,0.0011163274622561017,0.314392115,38,0.508276251,0.205306841,0.155159178,0.283227074,0.021016039,0.277388633,28400
455,Washington,2018,0.00474742785832415,0.33879851,37,0.499752176,0.217330665,0.154326449,0.26409196,0.022229046,0.284038637,30000
456,West Virginia,2018,-0.0014961752019243858,0.248537516,42,0.504541397,0.178601885,0.200397379,0.159795042,0.026828077,0.384426126,20000
457,Wisconsin,2018,0.0014496539403265445,0.283574046,39,0.503321884,0.192767849,0.168709474,0.219931546,0.015800108,0.272510101,28800
458,Wyoming,2018,-0.0007850458981539452,0.26452867,38,0.491940104,0.193475578,0.168735947,0.190998672,0.01873863,0.266939801,27000
459,Alabama,2019,0.0011759622838903722,0.282222474,39,0.515935662,0.194148497,0.174207174,0.187427152,0.022539023,0.338196703,21500
460,Alaska,2019,-0.02118422197732235,0.314522005,34,0.482634698,0.232630939,0.12736332,0.209786138,0.028367359,0.26829655,31100
461,Arizona,2019,0.010633065239047328,0.329781059,38,0.50224758,0.205472475,0.179414861,0.21443999,0.023783038,0.319235244,25000
462,Arkansas,2019,-0.001630226246746632,0.314383572,38,0.511570997,0.194206118,0.17306558,0.165078315,0.022407353,0.331277313,21100
463,California,2019,-0.004475179853453115,0.427294713,37,0.502718766,0.219374724,0.147685211,0.249605445,0.026080512,0.287329493,26000
464,Colorado,2019,0.006959071840176398,0.303517473,37,0.495078781,0.223325396,0.147130725,0.308488529,0.020473764,0.252495166,32000
465,Connecticut,2019,-0.0044211350177097465,0.30033038,41,0.510764772,0.192735115,0.176796987,0.296865862,0.02983154,0.276248167,31300
466,Delaware,2019,0.009569608865174797,0.268347361,41,0.515313772,0.192562058,0.194187709,0.248188473,0.021908799,0.306492127,30000
467,District of Columbia ,2019,0.00790063785214834,0.510794914,34,0.523995075,0.303004326,0.124256641,0.453097348,0.037917163,0.245940129,45000
468,Florida,2019,0.006427528619555766,0.329860357,42,0.511111389,0.187410527,0.209393243,0.230132532,0.022217424,0.335708739,24000
469,Georgia,2019,0.0027613034305558823,0.330624201,37,0.512703506,0.204278477,0.143525505,0.226013977,0.024419956,0.290925962,25000
470,Hawaii,2019,-0.013249330825150674,0.35775621,39,0.497848676,0.199354885,0.18990276,0.239790744,0.018513679,0.282366626,30850
471,Idaho,2019,0.013003965894742904,0.256154085,36,0.497797226,0.198258038,0.161410469,0.197799185,0.017454318,0.283039509,25000
472,Illinois,2019,-0.009260066999419057,0.292836996,38,0.509709851,0.204577464,0.161378148,0.261342312,0.024700081,0.279617428,28600
473,Indiana,2019,0.0012367849958283099,0.266036057,38,0.506942362,0.201546919,0.16088009,0.191393358,0.021581889,0.285388369,25800
474,Iowa,2019,-0.0007484363579192757,0.252177606,38,0.503861087,0.196668537,0.175484538,0.209278083,0.02004805,0.26432282,29590
475,Kansas,2019,0.0017660557661207214,0.290037737,37,0.50475335,0.200704421,0.164154293,0.227821649,0.018292227,0.266149821,28000
476,Kentucky,2019,-0.0002834848630402405,0.297178643,39,0.506958992,0.194208036,0.169175094,0.181953558,0.02226864,0.328536802,22900
477,Louisiana,2019,-0.006097311316523621,0.308576375,37,0.511971277,0.203429104,0.159453828,0.176729276,0.025353672,0.323660502,20500
478,Maine,2019,-0.0016644659843980149,0.232780246,44,0.513854213,0.178984416,0.213101802,0.252292793,0.017491289,0.316055801,27000
479,Maryland,2019,-0.006958868253913803,0.30046678,39,0.515501482,0.197770474,0.159039843,0.297077417,0.025577437,0.260315961,34000
480,Massachusetts,2019,-0.005097661383964652,0.324714403,39,0.513664484,0.21472098,0.169966847,0.33584853,0.022145076,0.268338657,34000
481,Michigan,2019,-0.0020883895888402,0.248780773,39,0.507824634,0.198113781,0.176731678,0.219474455,0.025439335,0.308946448,25700
482,Minnesota,2019,-0.0013827315821334785,0.236211866,38,0.503434621,0.199102175,0.1632509,0.267709666,0.016936211,0.243820164,34900
483,Mississippi,2019,0.0004808620094725706,0.303327891,38,0.517837313,0.190598656,0.163878892,0.153091125,0.029737422,0.339896961,19000
484,Missouri,2019,0.0025868268060108557,0.286182583,38,0.509850706,0.198505954,0.172744674,0.217780966,0.019255623,0.30066536,25400
485,Montana,2019,0.0013272002896367735,0.265094341,40,0.498119348,0.187744321,0.195382016,0.237155892,0.020935124,0.298716852,25000
486,Nebraska,2019,-0.0033539490323239683,0.290726155,36,0.501316165,0.20135566,0.162278072,0.235428617,0.017573852,0.239045744,30000
487,Nevada,2019,0.008498456345731382,0.409423743,38,0.499811698,0.205277914,0.16150156,0.183697514,0.025937972,0.292648165,26200
488,New Hampshire,2019,0.005672301966701411,0.230937309,42,0.506007527,0.186293264,0.185159935,0.285758518,0.016502772,0.280017592,32600
489,New Jersey,2019,-0.009077412962991572,0.329333757,40,0.510610784,0.190470819,0.166315515,0.303342081,0.024195046,0.274588362,32000
490,New Mexico,2019,-0.0074940743149991655,0.29942642,38,0.505994051,0.196303084,0.180380947,0.19943591,0.023660966,0.333426808,21000
491,New York,2019,-0.009549961627030371,0.415644365,39,0.51385497,0.212688515,0.169418802,0.283115672,0.023342307,0.297577755,29400
492,North Carolina,2019,0.005503530409950375,0.319844216,39,0.513944873,0.198923273,0.166890635,0.23087439,0.022541295,0.30360245,24800
493,North Dakota,2019,0.008477298050842123,0.323918526,35,0.491086027,0.23950151,0.157741759,0.208683808,0.012089568,0.229259562,31900
494,Ohio,2019,0.0010460567582638546,0.298895125,39,0.509202762,0.195931765,0.174840407,0.211876021,0.023609089,0.293442866,26600
495,Oklahoma,2019,0.003989413361283715,0.320587136,36,0.504980704,0.206856204,0.159250346,0.181054397,0.02129078,0.30546471,23900
496,Oregon,2019,0.0031706365407287197,0.333669691,39,0.505367689,0.204686067,0.181994752,0.252319194,0.025051586,0.306643823,28000
497,Pennsylvania,2019,0.0007340818809754429,0.269339163,40,0.51073095,0.195221539,0.186734421,0.241030202,0.024211472,0.303213899,28000
498,Rhode Island,2019,0.00342361174089878,0.324680633,40,0.511850068,0.208436029,0.176925524,0.259815115,0.021851852,0.288656086,29990
499,South Carolina,2019,0.008833034676574668,0.277613012,39,0.517611194,0.192403385,0.182026036,0.212545113,0.022767821,0.321800356,24000
500,South Dakota,2019,-0.0008428737349250696,0.25792537,37,0.492685882,0.190968497,0.174778078,0.209593753,0.017500528,0.2528251,29250
501,Tennessee,2019,0.00574290965380846,0.306811483,38,0.512437375,0.202702113,0.166414855,0.207923682,0.022958413,0.307107858,24300
502,Texas,2019,0.0035425241631342128,0.342050135,35,0.503756723,0.214626277,0.128977009,0.208501476,0.021891316,0.270123746,24000
503,Utah,2019,0.002066695342723298,0.247317027,31,0.498063917,0.230768463,0.113791884,0.218493193,0.015549798,0.225701335,26000
504,Vermont,2019,-0.0024511013335018483,0.240449752,42,0.504145105,0.193828737,0.200537189,0.291609307,0.019941057,0.288356045,30000
505,Virginia,2019,-0.0016464668270875782,0.304131125,38,0.507837778,0.201909222,0.159282874,0.285739742,0.020647251,0.27355302,30000
506,Washington,2019,0.003933877743785716,0.333806266,37,0.499602818,0.216646117,0.158663687,0.267076241,0.023756867,0.278612582,32000
507,West Virginia,2019,-0.000571961216875555,0.236513523,42,0.505733068,0.177603735,0.204374418,0.161903572,0.024707237,0.379980548,21500
508,Wisconsin,2019,0.001023957949565349,0.286183579,39,0.504723626,0.193391114,0.17483324,0.22617414,0.016939995,0.273702888,30000
509,Wyoming,2019,0.011548407326138155,0.251498465,38,0.487747059,0.192062672,0.172081989,0.201854312,0.019578097,0.286620165,29630
510,Alabama,2021,0.00213629267946722,0.268539093,39,0.514889153,0.190898706,0.175516783,0.19765899,0.024601592,0.338607073,23000
511,Alaska,2021,-0.014511584452257358,0.266585503,35,0.474311187,0.2146087,0.132426062,0.218228323,0.030440592,0.268784301,33400
512,Arizona,2021,0.011815939429365634,0.300583977,38,0.500732651,0.203971213,0.18365585,0.231404738,0.027678292,0.317245705,28000
513,Arkansas,2021,0.004467345331018627,0.302621278,38,0.506124642,0.194079364,0.173413054,0.177670974,0.025120535,0.329004581,23000
514,California,2021,-0.010376359215288277,0.411738277,37,0.499962001,0.213142106,0.152012792,0.259287235,0.041686371,0.293955227,27600
515,Colorado,2021,0.0004448379297297758,0.289232285,37,0.493422394,0.219461779,0.15165546,0.322440597,0.0287414,0.259658308,35000
516,Connecticut,2021,0.0026047557556634,0.285691662,41,0.509335902,0.190071991,0.180347942,0.311367854,0.03700885,0.283547218,32900
517,Delaware,2021,0.0057084379092111545,0.243579726,41,0.516103506,0.18457141,0.19855509,0.25601664,0.028858343,0.315121628,30000
518,District of Columbia ,2021,-0.007754978787764405,0.502478919,34,0.522816208,0.286487576,0.127611372,0.474127304,0.048888889,0.242683382,50000
519,Florida,2021,0.009151318804273383,0.311535059,42,0.50829025,0.182842918,0.211154262,0.249546672,0.026963571,0.337512915,25100
520,Georgia,2021,0.005784415323567996,0.305111891,37,0.511631116,0.202228682,0.146824048,0.242248901,0.02759009,0.294379978,25500
521,Hawaii,2021,0.007930460244395976,0.340948269,40,0.495584276,0.197172078,0.195965046,0.265582327,0.03799236,0.296249947,30000
522,Idaho,2021,0.02017710277242938,0.255739449,37,0.498091716,0.19241863,0.16565479,0.211159526,0.016336801,0.287020568,26400
523,Illinois,2021,-0.011456973860955498,0.277731651,38,0.505502874,0.197096327,0.166150349,0.270650467,0.037870826,0.286139752,30000
524,Indiana,2021,0.001514241412732785,0.245428105,38,0.503907076,0.199507933,0.164073532,0.206291228,0.024250568,0.291325356,28000
525,Iowa,2021,0.0012592320706852414,0.228245527,38,0.499308974,0.191759114,0.177700896,0.214598198,0.018576427,0.26880168,30800
526,Kansas,2021,0.005268326047569966,0.283424692,37,0.498148288,0.197871792,0.166395078,0.249824336,0.020524899,0.275439569,28700
527,Kentucky,2021,0.0031852618586973615,0.274339301,39,0.50552979,0.194683144,0.170439975,0.197036453,0.026832874,0.328220156,24000
528,Louisiana,2021,-0.004659945765850791,0.300030039,38,0.510497623,0.197856337,0.166108822,0.186336558,0.035655779,0.330507237,21000
529,Maine,2021,0.017810507404637896,0.205815717,44,0.508451467,0.177532908,0.217322392,0.275389197,0.026619843,0.324795026,30000
530,Maryland,2021,-0.0042398588809015245,0.283449057,39,0.512835984,0.193046407,0.162681916,0.309052901,0.031419781,0.268480189,36000
531,Massachusetts,2021,-0.00743493599078995,0.310652978,39,0.51221702,0.208756883,0.174409923,0.348513463,0.0369442,0.275036247,35000
532,Michigan,2021,-0.0015110056490640015,0.225878787,40,0.504940746,0.196134919,0.181577984,0.230403895,0.033571918,0.31971231,27800
533,Minnesota,2021,-0.00823298361702849,0.216778773,38,0.499953569,0.191546574,0.168798347,0.277307841,0.027128512,0.250602289,35300
534,Mississippi,2021,0.0008201141978701927,0.283181326,38,0.513715247,0.188500881,0.168364031,0.174203423,0.028541695,0.345137993,20000
535,Missouri,2021,0.0028332696747700274,0.26489064,39,0.50750261,0.193409506,0.175894959,0.230510197,0.023709236,0.29575222,28000
536,Montana,2021,0.012471867240911382,0.267088423,39,0.491292445,0.196527845,0.196568596,0.259147438,0.021488385,0.309021065,28000
537,Nebraska,2021,-0.005071443726083775,0.266456756,37,0.499825838,0.199607678,0.164589457,0.243541248,0.014823099,0.242648032,31200
538,Nevada,2021,0.012496812652865646,0.383741875,38,0.495666495,0.201847906,0.164973119,0.200719086,0.048625139,0.296913064,27800
539,New Hampshire,2021,0.006186404395695136,0.225037293,42,0.500043197,0.191994626,0.192105498,0.304877206,0.021122512,0.280760436,36000
540,New Jersey,2021,-0.005453509802596349,0.315973338,40,0.508332461,0.187694464,0.168812674,0.318860208,0.042471078,0.277889487,33000
541,New Mexico,2021,0.0047588366058217806,0.271820621,39,0.503998106,0.194007969,0.184337275,0.214357451,0.035563031,0.345543715,22400
542,New York,2021,-0.014173650804805718,0.397328119,39,0.511284406,0.202763039,0.17532165,0.297946507,0.044819263,0.305227846,30000
543,North Carolina,2021,0.009199530811679141,0.298970673,39,0.511392584,0.196450685,0.170492501,0.252620612,0.028127329,0.305665006,26000
544,North Dakota,2021,0.007970713251185223,0.300516938,35,0.484237652,0.227350738,0.159272622,0.223153037,0.012846023,0.245971343,33000
545,Ohio,2021,-0.0004803108950218078,0.28518694,39,0.507146127,0.19528291,0.178557892,0.222446793,0.02738086,0.300138022,28100
546,Oklahoma,2021,0.009171475810008285,0.31258436,37,0.500697956,0.2012126,0.161910321,0.196162733,0.028698109,0.308090098,24000
547,Oregon,2021,0.001876076310434599,0.319317359,40,0.500397889,0.199749656,0.186026888,0.269806213,0.032503524,0.316051816,30000
548,Pennsylvania,2021,7.947434183532692e-05,0.251926712,40,0.506010387,0.191435072,0.190191789,0.257237627,0.032409456,0.305989036,30000
549,Rhode Island,2021,0.009874791656303842,0.313114156,40,0.51127591,0.205508347,0.182407974,0.273854748,0.042008561,0.288496819,30200
550,South Carolina,2021,0.014980583975425097,0.258706091,40,0.514105887,0.190334454,0.186105934,0.229135541,0.026580782,0.328423018,25000
551,South Dakota,2021,0.0017175022375543122,0.272000813,37,0.491196994,0.191350896,0.175037079,0.217420391,0.014001939,0.264226426,30400
552,Tennessee,2021,0.009810786599295573,0.296495966,39,0.510451716,0.198442257,0.170365285,0.22213829,0.025803351,0.311642159,25230
553,Texas,2021,0.004767036327849248,0.326309376,35,0.50076116,0.21160893,0.13197781,0.226507564,0.030725204,0.274902947,25000
554,Utah,2021,0.006405832371345559,0.250058494,31,0.492425198,0.230402564,0.116340296,0.227447479,0.017809301,0.234873239,29000
555,Vermont,2021,0.02197930040485469,0.22430875,42,0.504423997,0.188724693,0.206048918,0.329307434,0.021173537,0.314264913,32200
556,Virginia,2021,-0.0005311789478857284,0.283521444,38,0.504934812,0.200269744,0.16252528,0.300624697,0.024249752,0.281168012,31600
557,Washington,2021,-0.005753966014238221,0.316331365,38,0.49647757,0.213070503,0.16184027,0.285090943,0.030591216,0.291732117,34800
558,West Virginia,2021,0.004282579205426813,0.211596565,43,0.501972844,0.176722516,0.207585817,0.179073103,0.02653342,0.389619728,21400
559,Wisconsin,2021,0.001702502014633591,0.267867647,40,0.498369038,0.190953794,0.178806555,0.236549146,0.017844919,0.282333951,32000
560,Wyoming,2021,-0.013128496010749086,0.242972134,39,0.487305698,0.182600989,0.181104797,0.205479239,0.018576269,0.281354796,29550
561,Alabama,2022,0.007033433111862601,0.262386743,39,0.514935471,0.197486903,0.179742963,0.204721404,0.02093453,0.335337946,25000
562,Alaska,2022,0.00468914308683388,0.282407035,35,0.471371338,0.22758161,0.133983476,0.21615141,0.021613096,0.269608211,36200
563,Arizona,2022,0.010216105148137741,0.299981234,38,0.50062269,0.208886513,0.187932868,0.236533551,0.020865592,0.317770132,30000
564,Arkansas,2022,0.0038071033879183945,0.292770281,38,0.505689614,0.195647741,0.177166222,0.18054187,0.022024292,0.33604136,24500
565,California,2022,-0.00882872846349828,0.407106018,37,0.499384002,0.214532082,0.157980245,0.266855203,0.026979958,0.291296815,30000
566,Colorado,2022,-0.0017946609196226523,0.287559123,37,0.492960185,0.22460199,0.156947194,0.335015546,0.019772511,0.254111782,38000
567,Connecticut,2022,0.015185296738986373,0.279743147,40,0.510088095,0.193222942,0.183234814,0.315329939,0.025094279,0.280179692,35700
568,Delaware,2022,0.011794508362340313,0.239200665,41,0.515571546,0.185843228,0.209054238,0.269297012,0.022351816,0.307018095,35000
569,District of Columbia ,2022,-0.00661218735356936,0.517812513,34,0.524717812,0.287923692,0.13045491,0.497732222,0.030154673,0.236101953,54500
570,Florida,2022,0.01076575957530302,0.310799866,42,0.507818875,0.185233032,0.215519134,0.258335029,0.019488265,0.334868162,28000
571,Georgia,2022,0.006607981276622887,0.309317361,37,0.512867735,0.206799381,0.150573964,0.244459939,0.020808172,0.287621522,28800
572,Hawaii,2022,-0.007771345462148388,0.340527956,40,0.497314949,0.191476716,0.20522901,0.259480654,0.017423323,0.301848498,33700
573,Idaho,2022,0.00855403160562846,0.24989157,37,0.495334014,0.201627306,0.169959975,0.219543453,0.013820291,0.295583933,29000
574,Illinois,2022,-0.009198757016532128,0.274368401,39,0.50489746,0.201847921,0.172110594,0.276328657,0.024105089,0.283507227,32000
575,Indiana,2022,0.0016088445811348398,0.248547461,38,0.503103964,0.202093008,0.16941764,0.209930957,0.017924387,0.288160301,30000
576,Iowa,2022,0.0005005855934749094,0.22542358,38,0.498779728,0.1995337,0.184004647,0.233450408,0.014729808,0.269107772,33000
577,Kansas,2022,0.0031059600598289175,0.270205471,37,0.499236335,0.201429617,0.172877449,0.246658836,0.018309245,0.273895783,30600
578,Kentucky,2022,0.005338489665973393,0.269034042,39,0.505463499,0.197678794,0.174778329,0.202447748,0.021648779,0.322266422,26000
579,Louisiana,2022,-0.006683743063654966,0.290728526,38,0.50960723,0.197419482,0.169787164,0.190601321,0.025683401,0.32276192,23400
580,Maine,2022,0.004858774328927326,0.213787229,45,0.504772114,0.179201496,0.22622894,0.277264787,0.015221534,0.324782364,32000
581,Maryland,2022,-0.010688595783069577,0.280264443,39,0.512621621,0.191584937,0.169180295,0.319812447,0.021042036,0.266251829,38200
582,Massachusetts,2022,-0.006440984711005869,0.316160014,40,0.509901927,0.209182389,0.18026836,0.352820277,0.022394956,0.276136376,38000
583,Michigan,2022,-0.0010545896682498251,0.225802706,40,0.504606484,0.199649536,0.186709186,0.235314753,0.024059015,0.311582543,30000
584,Minnesota,2022,-0.0024870305259929865,0.221437337,38,0.49741761,0.196908653,0.173577586,0.285619109,0.018185176,0.256389509,37200
585,Mississippi,2022,0.00338789836619598,0.274266111,38,0.51458186,0.190754805,0.174650015,0.173189159,0.022941732,0.339599879,22000
586,Missouri,2022,0.0009455778378643191,0.271316068,39,0.507193721,0.198256317,0.180138839,0.234829249,0.018683199,0.297489607,30000
587,Montana,2022,0.00831381606060383,0.262630392,40,0.494389808,0.198444696,0.201033604,0.251344995,0.017007357,0.299788844,29710
588,Nebraska,2022,-0.00029404385158931373,0.283729597,37,0.499496169,0.197904085,0.169642816,0.243846939,0.013015245,0.244387103,33400
589,Nevada,2022,0.0038936303237044473,0.377260546,39,0.496719085,0.203102992,0.169549609,0.197222456,0.027902883,0.297787569,30000
590,New Hampshire,2022,0.001918012585854105,0.229425808,43,0.501540605,0.192377463,0.201712118,0.314023269,0.01543257,0.286503812,39000
591,New Jersey,2022,-0.009996620517154615,0.311321497,40,0.506788009,0.189305763,0.17386594,0.321814604,0.026805773,0.274814804,36000
592,New Mexico,2022,0.0062105257900538155,0.250678072,39,0.503657237,0.197892061,0.191435942,0.217159629,0.022049416,0.334505883,25000
593,New York,2022,-0.012384639291999558,0.405434455,39,0.510960809,0.206371695,0.181130337,0.300926592,0.026019011,0.305040145,31000
594,North Carolina,2022,0.007429782345789369,0.293305815,39,0.511292159,0.202068273,0.174221582,0.26035527,0.019318583,0.301106938,30000
595,North Dakota,2022,0.0074734944229921454,0.288569555,36,0.487151288,0.219550318,0.167543352,0.22512868,0.01026742,0.2512098,35100
596,Ohio,2022,0.00026671667685359765,0.27823153,39,0.505949103,0.196167457,0.184392762,0.233920078,0.019127585,0.297814795,30000
597,Oklahoma,2022,0.007777373842920061,0.306475447,37,0.502254092,0.205398527,0.164743768,0.197177472,0.020262202,0.309068362,25000
598,Oregon,2022,-0.006887600992084544,0.331128923,40,0.499485984,0.201412124,0.192076813,0.272586004,0.022335127,0.308928462,31600
599,Pennsylvania,2022,-0.001315100253150063,0.255516956,40,0.507181618,0.193245024,0.196058544,0.261434005,0.02177558,0.305999426,31000
600,Rhode Island,2022,0.0007373200502698574,0.304539312,40,0.509460253,0.209381806,0.188318183,0.29874997,0.02477202,0.296929601,35000
601,South Carolina,2022,0.01198859743147622,0.250389862,40,0.512631956,0.191726892,0.190360907,0.237582994,0.021211767,0.319932064,28000
602,South Dakota,2022,0.0025615305099119245,0.2454123,38,0.492935996,0.188793657,0.182233047,0.22657459,0.013306969,0.26825408,33000
603,Tennessee,2022,0.0059234769689459135,0.296821639,39,0.509122026,0.203371161,0.172567792,0.225384002,0.017575102,0.304248456,28500
604,Texas,2022,0.005638947135700852,0.322591777,35,0.500018582,0.215397709,0.134518467,0.233106319,0.022208009,0.269726388,28000
605,Utah,2022,-0.0053931098316589016,0.242476041,32,0.492301526,0.233445043,0.119827556,0.242003668,0.013573119,0.227590807,31000
606,Vermont,2022,0.004262469991306722,0.205168268,42,0.503940878,0.186754324,0.215022007,0.336459763,0.015727965,0.292756203,35000
607,Virginia,2022,-0.0019382697257352803,0.286809566,39,0.504631652,0.201767604,0.168413538,0.305527453,0.018234909,0.281425751,35000
608,Washington,2022,-0.001434034029162326,0.311719331,38,0.494803351,0.215429117,0.167927939,0.291626818,0.020965513,0.285837422,37500
609,West Virginia,2022,0.00160830966437275,0.225602708,42,0.503337171,0.180036571,0.212302468,0.182854915,0.020029226,0.385447251,24000
610,Wisconsin,2022,-0.0002369224662154834,0.266514825,40,0.497576681,0.194232062,0.186628718,0.243990239,0.014319634,0.281603737,34200
611,Wyoming,2022,0.0030761101456466475,0.225931016,39,0.485530143,0.187233501,0.185819626,0.214515094,0.019130312,0.274348491,31200
612,Alabama,2023,0.0037568618176322018,0.261785921,39,0.515725262,0.190960382,0.182678838,0.206974772,0.020058068,0.333865261,27000
613,Alaska,2023,-0.007061359171135331,0.279463217,36,0.468053166,0.218711055,0.139310287,0.21766525,0.028360826,0.258902981,39200
614,Arizona,2023,0.008053309344936657,0.296701108,39,0.501124426,0.20543175,0.193366637,0.243070702,0.020577704,0.319346406,32000
615,Arkansas,2023,0.003152381373648195,0.297036377,38,0.506905753,0.195690497,0.178946857,0.191808802,0.0192243,0.328851086,27000
616,California,2023,-0.006975135337002277,0.406112784,38,0.500730768,0.209950404,0.162147997,0.272075183,0.028461119,0.28946211,32000
617,Colorado,2023,0.0032985398215416573,0.299197973,37,0.493401229,0.221957394,0.160751224,0.339252689,0.020644956,0.255278081,40100
618,Connecticut,2023,0.0007832575005196803,0.289933086,41,0.5079645,0.189374805,0.190758758,0.322112333,0.024762688,0.279805849,38000
619,Delaware,2023,0.009194465154926047,0.223519949,42,0.512871527,0.179720707,0.214536433,0.267128279,0.015459012,0.309826629,35000
620,District of Columbia ,2023,-0.011897003867256062,0.517118526,34,0.527497452,0.287849867,0.132064356,0.502020702,0.03233123,0.227775225,61000
621,Florida,2023,0.0051800207692769724,0.301821711,42,0.508511403,0.181201037,0.217355029,0.262797842,0.020370819,0.331514344,30000
622,Georgia,2023,0.0052343471312324905,0.302312302,37,0.512272075,0.204960239,0.153987038,0.249936464,0.022493235,0.286384168,30000
623,Hawaii,2023,-8.462979640559004e-05,0.333621575,41,0.49828797,0.18960755,0.211495341,0.275177718,0.017458948,0.305200615,35000
624,Idaho,2023,0.008150628738058607,0.237249367,37,0.495246665,0.19846686,0.173988638,0.221365218,0.017974517,0.295401496,30000
625,Illinois,2023,-0.007512344315677846,0.27278429,39,0.506069194,0.198534004,0.176159266,0.281057802,0.02541816,0.281228722,35000
626,Indiana,2023,0.004230090828415356,0.245478745,38,0.502567763,0.19939789,0.172344026,0.215449158,0.018274754,0.285209741,31100
627,Iowa,2023,-0.0006998848380587175,0.228947953,39,0.500256626,0.190402319,0.186534535,0.230818234,0.015394742,0.272379454,35000
628,Kansas,2023,-0.005416684641156966,0.274727797,37,0.497562868,0.201727094,0.176232177,0.253048497,0.015855553,0.269744711,33000
629,Kentucky,2023,0.0029792023150802954,0.274560698,39,0.504789276,0.197890748,0.177188403,0.200915612,0.020207222,0.318362787,28000
630,Louisiana,2023,-0.006963288771224759,0.285542342,38,0.510779888,0.193446776,0.173830046,0.19208706,0.023240672,0.323958311,25000
631,Maine,2023,0.007616713356724765,0.217951712,44,0.509762689,0.175792171,0.228875808,0.285230153,0.016729693,0.319924025,35000
632,Maryland,2023,-0.0059617711270303145,0.280653559,39,0.514923904,0.187697656,0.172610571,0.317622434,0.021413525,0.261792357,40000
633,Massachusetts,2023,-0.005811581201301243,0.316498745,40,0.511152985,0.206589569,0.184780213,0.362190614,0.022458226,0.274137355,40000
634,Michigan,2023,-0.0021106425980635026,0.217301015,40,0.504668654,0.196971863,0.192454993,0.239523711,0.022239234,0.312741394,31000
635,Minnesota,2023,-0.0016068652563208385,0.215540314,39,0.498333454,0.191089446,0.178600066,0.293232995,0.01598612,0.253098033,40000
636,Mississippi,2023,0.0008589462417121947,0.250409057,39,0.514702571,0.18490351,0.175903241,0.178403505,0.021244757,0.340870296,24000
637,Missouri,2023,0.0012044932846910945,0.2626848,39,0.506618458,0.196351738,0.183979228,0.239944249,0.017434358,0.292053493,32000
638,Montana,2023,-0.00011696156100049482,0.259928391,40,0.49731553,0.195321024,0.20491838,0.258175231,0.012546654,0.305180383,32000
639,Nebraska,2023,-0.00019962333475065375,0.275111088,37,0.494972905,0.201197041,0.172916312,0.243915347,0.014030173,0.242620853,35100
640,Nevada,2023,0.005128826934220183,0.373777462,39,0.496611646,0.199826497,0.173626939,0.209344444,0.022333146,0.297331456,32000
641,New Hampshire,2023,-0.005030176058480697,0.225085482,43,0.500948608,0.186151889,0.206416443,0.310871764,0.01405438,0.282398538,40500
642,New Jersey,2023,-0.007591789818116264,0.320236779,40,0.507687087,0.186655654,0.177697692,0.326099327,0.025744709,0.268455999,38600
643,New Mexico,2023,-0.000302662244421055,0.273093511,39,0.502504054,0.19436797,0.200712174,0.230567862,0.022937318,0.335469981,27000
644,New York,2023,-0.009213559409046827,0.402061783,40,0.511884698,0.202853159,0.185940312,0.306278363,0.025777601,0.303937476,34000
645,North Carolina,2023,0.009590950630690917,0.29748758,39,0.510255696,0.199873637,0.17693033,0.266774159,0.020255843,0.298892131,31000
646,North Dakota,2023,0.016812454618675584,0.281456413,36,0.48874256,0.224070894,0.171840199,0.240673227,0.014620002,0.240960244,39000
647,Ohio,2023,1.1849307517988045e-05,0.281273569,39,0.506547253,0.195387214,0.187764908,0.233835839,0.020261948,0.293717724,32000
648,Oklahoma,2023,0.0056194132765025676,0.303956955,37,0.501128564,0.202741658,0.167127137,0.201211991,0.02225405,0.305993304,28000
649,Oregon,2023,-0.001602610194835704,0.316301149,40,0.503061399,0.198506717,0.196191062,0.28291158,0.021532552,0.311962513,34100
650,Pennsylvania,2023,-0.002787708467204445,0.25294007,41,0.507509557,0.189266702,0.200361404,0.262508503,0.022384516,0.305838293,33000
651,Rhode Island,2023,-6.445169909970877e-05,0.300023176,40,0.510153637,0.206016267,0.19433338,0.29644641,0.026236311,0.294934496,37000
652,South Carolina,2023,0.012448705234493165,0.248008627,40,0.515274339,0.18940571,0.193036454,0.24090402,0.021143545,0.315056048,30000
653,South Dakota,2023,0.0005522388489343014,0.255295774,38,0.48817493,0.187225748,0.184407354,0.233109762,0.012459236,0.254196045,35000
654,Tennessee,2023,0.003045519947837645,0.295708588,39,0.508983175,0.201949515,0.175105722,0.233528039,0.020389423,0.300793701,30000
655,Texas,2023,0.004208951926781564,0.321732228,35,0.501391866,0.212060229,0.13752387,0.235949512,0.022308012,0.266228629,30000
656,Utah,2023,-0.0012360583911632562,0.255085972,32,0.494443102,0.233539532,0.121586115,0.244346985,0.017991745,0.227124463,33700
657,Vermont,2023,0.01135445438750991,0.209182287,43,0.501547576,0.181035548,0.2200632,0.317305673,0.015423251,0.300245265,37800
658,Virginia,2023,0.0023788302740847603,0.282154109,39,0.506746448,0.198227727,0.17229211,0.309435687,0.01910197,0.281146387,36500
659,Washington,2023,-0.0005878089134696701,0.315513101,38,0.496637732,0.212083892,0.171513322,0.298987825,0.023093533,0.283738647,40000
660,West Virginia,2023,0.0004969329253485151,0.226421991,42,0.500918325,0.178843674,0.215373282,0.18115262,0.020436468,0.378567865,25600
661,Wisconsin,2023,0.0024308582749638305,0.26199878,40,0.499736675,0.191269769,0.190918388,0.250279016,0.014292614,0.283148831,36700
662,Wyoming,2023,-2.5693444797636467e-05,0.25343588,39,0.494085338,0.189459248,0.189734906,0.217716764,0.017390426,0.29183453,35000
